gid,lbl,lon,lat,val,π´¿Œ»∏ºˆ±‚,¡÷∞≈¡ˆø™,sum,º¯¿ß
ÎßàÎùº3880,25321.0,129.0197593,35.11015015,0.7595464498905119,-0.0,0.8248781368478064,1.5844245867383182,1
ÎßàÎùº4183,17969.0,129.053181,35.13677484,0.5390107088220295,-0.0,1.0,1.5390107088220295,2
ÎßàÎùº4082,19768.0,129.042038,35.12790104,0.5929747727749947,-0.0,0.7987001263766023,1.3916748991515968,3
ÎßàÎùº4184,20095.0,129.0533523,35.14578875,0.6027836937936826,-0.0,0.7448998014081963,1.347683495201879,4
ÎßàÎùº3980,19011.0,129.0307288,35.1100121,0.5702672706002339,-0.0,0.754829391586929,1.3250966621871627,5
ÎßàÎùº3879,21988.0,129.019592,35.10113604,0.659567447580766,-0.0,0.6338689294096407,1.2934363769904067,6
ÎßàÎùº4592,17825.0,129.09866,35.21732719,0.5346911839697632,-0.0,0.7080700487452608,1.242761232715024,7
ÎßàÎùº4290,28156.0,129.0653629,35.19973041,0.8445870954195037,-0.0,0.3269543238851778,1.1715414193046816,8
ÎßàÎùº4178,9035.0,129.0523258,35.09170509,0.2710201877793442,-0.0,0.8766925437804658,1.14771273155981,9
ÎßàÎùº4388,29402.0,129.075996,35.18156045,0.881962984071752,-0.0,0.2592525726665463,1.1412155567382982,10
ÎßàÎùº4286,22776.0,129.0646716,35.16367522,0.6832048474667786,-0.0,0.45405307817295537,1.137257925639734,11
ÎßàÎùº4278,14663.0,129.0632927,35.09156416,0.4398416174220835,-0.0,0.6968766925437804,1.1367183099658638,12
ÎßàÎùº4085,21353.0,129.0425482,35.15494291,0.6405195428502863,-0.0,0.4843834627189023,1.1249030055691887,13
ÎßàÎùº4077,12959.0,129.0411892,35.08283099,0.38872724000359954,-0.0,0.7167358729012456,1.1054631129048451,14
ÎßàÎùº4587,22176.0,129.0977771,35.17225902,0.6652068272490025,-0.0,0.4015165192272973,1.0667233464762997,15
ÎßàÎùº3878,11084.0,129.0194247,35.09212193,0.33248342682304943,-0.0,0.7246795450442318,1.0571629718672813,16
ÎßàÎùº4086,17759.0,129.0427184,35.16395683,0.5327114017458079,-0.0,0.5177829933200938,1.0504943950659018,17
ÎßàÎùº4483,21301.0,129.0860995,35.13634838,0.6389597144314124,-0.0,0.40332189925979417,1.0422816136912065,18
ÎßàÎùº4786,24581.0,129.1195532,35.16295379,0.7373488916219214,-0.0,0.29680447734248055,1.034153368964402,19
ÎßàÎùº3793,33337.0,129.0109563,35.22746985,1.0,-0.0,0.018775952337967142,1.0187759523379671,20
ÎßàÎùº4687,18920.0,129.1087546,35.1721137,0.5675375708672045,-0.0,0.4251669976530059,0.9927045685202104,21
ÎßàÎùº3877,14215.0,129.0192575,35.08310779,0.42640309565947737,-0.0,0.5623758801227658,0.9887789757822432,22
ÎßàÎùº3885,24485.0,129.0205972,35.15522045,0.7344692083870773,-0.0,0.25329481855930674,0.9877640269463841,23
ÎßàÎùº3679,19044.0,128.9976551,35.10140907,0.5712571617122115,-0.0,0.415417945477523,0.9866751071897345,24
ÎßàÎùº4078,19090.0,129.0413588,35.09184503,0.5726370099289078,-0.0,0.41397364145152554,0.9866106513804334,25
ÎßàÎùº4383,18107.0,129.0751268,35.13649152,0.543150253472118,-0.0,0.44195703195522656,0.9851072854273446,26
ÎßàÎùº4589,24551.0,129.0981301,35.19028633,0.7364489906110326,-0.0,0.2453511464163206,0.9818001370273532,27
ÎßàÎùº3991,29665.0,129.0325879,35.2091658,0.8898521162672105,-0.0,0.07889510742011192,0.9687472236873225,28
ÎßàÎùº4688,24523.0,129.1089322,35.18112731,0.7356090830008698,-0.0,0.231991334175844,0.9676004171767139,29
ÎßàÎùº4291,19952.0,129.065536,35.20874417,0.5984941656417793,-0.0,0.3654089185773605,0.9639030842191398,30
ÎßàÎùº4287,24453.0,129.0648443,35.17268904,0.7335093139754626,-0.0,0.22783896010110127,0.9613482740765639,31
ÎßàÎùº4489,28012.0,129.0871501,35.19043076,0.8402675705672374,-0.0,0.11391948005055064,0.9541870506177881,32
ÎßàÎùº4488,19294.0,129.0869748,35.18141706,0.5787563368029516,-0.0,0.36956129265210325,0.9483176294550548,33
ÎßàÎùº4494,23285.0,129.0880277,35.23549902,0.6984731679515253,-0.0,0.2476981404585665,0.9461713084100918,34
ÎßàÎùº4187,18825.0,129.0538666,35.17283039,0.5646878843327233,-0.0,0.3744358187398447,0.9391237030725681,35
ÎßàÎùº4492,24841.0,129.0876765,35.21747176,0.7451480337162911,-0.0,0.19064813143166637,0.9357961651479575,36
ÎßàÎùº3780,11562.0,129.0087897,35.1102872,0.34682184959654433,-0.0,0.5854847445387253,0.9323065941352697,37
ÎßàÎùº4496,27381.0,129.0883793,35.25352623,0.8213396526382096,-0.0,0.10308719985556959,0.9244268524937792,38
ÎßàÎùº4686,21172.0,129.108577,35.16310007,0.6350901400845906,-0.0,0.2829030510922549,0.9179931911768455,39
ÎßàÎùº4382,7447.0,129.0749532,35.1274777,0.22338542760296365,-0.0,0.6916410904495396,0.9150265180525032,40
ÎßàÎùº3986,23850.0,129.0317417,35.16409615,0.7154213036565976,-0.0,0.19823072756815308,0.9136520312247507,41
ÎßàÎùº5287,28747.0,129.1746176,35.17122085,0.8623151453340131,-0.0,0.04675934284166817,0.9090744881756813,42
ÎßàÎùº4482,17294.0,129.0859247,35.1273346,0.5187629360770314,-0.0,0.38996208701931756,0.908725023096349,43
ÎßàÎùº4495,26328.0,129.0882035,35.24451263,0.7897531271560126,-0.0,0.11879400613829211,0.9085471332943047,44
ÎßàÎùº4493,22498.0,129.0878521,35.2264854,0.6748657647658757,-0.0,0.21989528795811517,0.8947610527239909,45
ÎßàÎùº4590,19653.0,129.0983066,35.19929996,0.5895251522332542,-0.0,0.29680447734248055,0.8863296295757348,46
ÎßàÎùº4682,26397.0,129.1078676,35.12704542,0.791822899481057,-0.0,0.08557501354035024,0.8773979130214072,47
ÎßàÎùº5286,24851.0,129.1744328,35.16220752,0.7454480007199207,-0.0,0.12493229824878137,0.8703802989687021,48
ÎßàÎùº4583,21989.0,129.0970722,35.13620423,0.659597444281129,-0.0,0.20996569777938254,0.8695631420605116,49
ÎßàÎùº3579,18602.0,128.9866866,35.10154409,0.5579986201517833,-0.0,0.30258169344647046,0.8605803135982537,50
ÎßàÎùº4498,19539.0,129.0887312,35.27155338,0.5861055283918768,-0.0,0.2715291568875248,0.8576346852794017,51
ÎßàÎùº4285,23628.0,129.064499,35.15466139,0.7087620361760205,-0.0,0.1391948005055064,0.8479568366815269,52
ÎßàÎùº4591,17945.0,129.0984833,35.20831358,0.5382907880133184,-0.0,0.30853944755371004,0.8468302355670285,53
ÎßàÎùº4890,19530.0,129.1312497,35.19886056,0.5858355580886101,-0.0,0.2603358006860444,0.8461713587746544,54
ÎßàÎùº4490,20582.0,129.0873255,35.19944444,0.6173920868704441,-0.0,0.22639465607510378,0.8437867429455479,55
ÎßàÎùº4690,21113.0,129.1092877,35.19915449,0.633320334763176,-0.0,0.20779924174038633,0.8411195765035623,56
ÎßàÎùº4387,14026.0,129.075822,35.17254669,0.42073371929087794,-0.0,0.42029247156526445,0.8410261908561424,57
ÎßàÎùº4190,25467.0,129.0543815,35.1998719,0.7639259681435041,-0.0,0.0769091893843654,0.8408351575278695,58
ÎßàÎùº4487,15594.0,129.0867996,35.17240336,0.4677685454599993,-0.0,0.3699223686586026,0.837690914118602,59
ÎßàÎùº3884,20796.0,129.0204295,35.14620642,0.6238113807481176,-0.0,0.21303484383462717,0.8368462245827448,60
ÎßàÎùº4083,7601.0,129.042208,35.13691501,0.22800491945885948,-0.0,0.595414334717458,0.8234192541763174,61
ÎßàÎùº3478,16092.0,128.9755555,35.09266382,0.4827069022407534,-0.0,0.335981224047662,0.8186881262884154,62
ÎßàÎùº4390,19089.0,129.0763443,35.19958792,0.5726070132285448,-0.0,0.24480953240657158,0.8174165456351163,63
ÎßàÎùº3791,18676.0,129.0106222,35.2094419,0.5602183759786422,-0.0,0.24426791839682252,0.8044862943754647,64
ÎßàÎùº4497,19792.0,129.0885553,35.26253981,0.5936946935837056,-0.0,0.20418848167539266,0.7978831752590982,65
ÎßàÎùº4289,16793.0,129.06519,35.19071663,0.5037345891951884,-0.0,0.2829030510922549,0.7866376402874433,66
ÎßàÎùº3981,8464.0,129.0308975,35.11902614,0.253892071872094,-0.0,0.530240115544322,0.784132187416416,67
ÎßàÎùº3779,9387.0,129.0086236,35.10127305,0.2815790263071062,-0.0,0.49286874887163745,0.7744477751787436,68
ÎßàÎßà5105,24214.0,129.1669595,35.33361056,0.7263401025887151,-0.0,0.0463982668351688,0.7727383694238839,69
ÎßàÎùº4481,13496.0,129.08575,35.1183208,0.4048354680985091,-0.0,0.35800686044412344,0.7628423285426326,70
ÎßàÎùº4391,17390.0,129.0765185,35.20860164,0.5216426193118756,-0.0,0.238851778299332,0.7604943976112076,71
ÎßàÎùº4789,21278.0,129.1200897,35.18999449,0.6382697903230643,-0.0,0.11753024011554432,0.7558000304386087,72
ÎßàÎùº3379,19414.0,128.9647493,35.10181116,0.5823559408465068,-0.0,0.17151110308719986,0.7538670439337066,73
ÎßàÎùº5093,10904.0,129.1537597,35.22560273,0.3270840207577166,-0.0,0.4175844015165192,0.7446684222742358,74
ÎßàÎùº3479,16482.0,128.975718,35.10167812,0.4944056153823079,-0.0,0.24372630438707346,0.7381319197693813,75
ÎßàÎùº3987,15634.0,129.0319108,35.17311011,0.46896841347451773,-0.0,0.2581693446470482,0.7271377581215659,76
ÎßàÎùº3690,15153.0,128.9994734,35.20056442,0.45454000059993394,-0.0,0.2695432388517783,0.7240832394517123,77
ÎßàÎùº4186,16228.0,129.0536951,35.16381652,0.486786453490116,-0.0,0.231991334175844,0.71877778766596,78
ÎßàÎùº3482,18026.0,128.9762057,35.12872093,0.5407205207427183,-0.0,0.1778299332009388,0.718550453943657,79
ÎßàÎùº4788,21994.0,129.1199108,35.18098094,0.6597474277829437,-0.0,0.04802310886441596,0.7077705366473597,80
ÎßàÎùº4384,13237.0,129.0753005,35.14550534,0.39706632270450243,-0.0,0.3076367575374616,0.704703080241964,81
ÎßàÎùº3778,7298.0,129.0084575,35.09225889,0.2189159192488826,-0.0,0.48257808268640545,0.701494001935288,82
ÎßàÎùº4889,18688.0,129.1310694,35.18984708,0.5605783363829978,-0.0,0.13955587651200577,0.7001342128950035,83
ÎßàÎùº5094,9418.0,129.1539426,35.23461606,0.2825089240183579,-0.0,0.41559848348077266,0.6981074074991306,84
ÎßàÎùº3985,12844.0,129.0315727,35.15508217,0.3852776194618591,-0.0,0.3094421375699585,0.6947197570318175,85
ÎßàÎùº4392,13486.0,129.0766928,35.21761534,0.4045355010948795,-0.0,0.2895829572124932,0.6941184583073727,86
ÎßàÎùº4081,13836.0,129.0418681,35.11888706,0.41503434622191554,-0.0,0.27550099295901787,0.6905353391809335,87
ÎßàÎùº4283,17407.0,129.0641539,35.13663368,0.5221525632180459,-0.0,0.16771980501895647,0.6898723682370024,88
ÎßàÎùº4681,14327.0,129.1076904,35.11803172,0.4297627261001289,-0.0,0.25744719263404947,0.6872099187341784,89
ÎßàÎùº4185,14301.0,129.0535236,35.15480264,0.42898281189069193,-0.0,0.25510019859180355,0.6840830104824955,90
ÎßàÎùº4791,16638.0,129.1204478,35.20802155,0.49908510063892964,-0.0,0.17367755912619606,0.6727626597651257,91
ÎßàÎùº4491,14867.0,129.0875009,35.20845811,0.44596094429612737,-0.0,0.20527170969489075,0.6512326539910182,92
ÎßàÎùº4785,14614.0,129.1193745,35.1539402,0.4383717791042985,-0.0,0.2126737678281278,0.6510455469324263,93
ÎßàÎùº3380,16235.0,128.9649106,35.11082549,0.4869964303926567,-0.0,0.16085936089546848,0.6478557912881252,94
ÎßàÎùº4689,16228.0,129.1091099,35.19014091,0.486786453490116,-0.0,0.15869290485647228,0.6454793583465883,95
ÎßàÎùº3589,16048.0,128.9883271,35.19168584,0.48138704742478317,-0.0,0.16266474092796532,0.6440517883527485,96
ÎßàÎùº4685,15305.0,129.1083996,35.15408643,0.45909949905510383,-0.0,0.1821628452789312,0.6412623443340351,97
ÎßàÎùº3587,14773.0,128.9879984,35.17365761,0.4431412544620091,-0.0,0.1890232894024192,0.6321645438644283,98
ÎßàÎùº4087,14826.0,129.0428887,35.17297074,0.44473107958124597,-0.0,0.18198230727568152,0.6267133868569275,99
ÎßàÎùº3891,17545.0,129.0216051,35.20930435,0.5262921078681344,-0.0,0.09875428777757718,0.6250463956457116,100
ÎßàÎùº2777,20715.0,128.8986278,35.08455936,0.6213816480187179,-0.0,0.002346994042245893,0.6237286420609638,101
ÎßàÎùº3790,14613.0,129.0104552,35.20042791,0.4383417824039355,-0.0,0.18396822531142804,0.6223100077153636,102
ÎßàÎùº3784,13499.0,129.009455,35.14634365,0.40492545819959797,-0.0,0.21249322982487812,0.6174186880244761,103
ÎßàÎùº4787,13346.0,129.119732,35.17196737,0.4003359630440651,-0.0,0.21682614190287056,0.6171621049469357,104
ÎßàÎùº2577,17004.0,128.8766942,35.08481039,0.510063892971773,-0.0,0.09153276764758982,0.6015966606193628,105
ÎßàÎùº4288,10054.0,129.0650171,35.18170284,0.3015868254492005,-0.0,0.2953601733164831,0.5969469987656837,106
ÎßàÎùº3794,18733.0,129.0111235,35.2364838,0.561928187899331,-0.0,0.03249684058494313,0.5944250284842741,107
ÎßàÎùº3881,8387.0,129.0199267,35.11916423,0.2515823259441461,-0.0,0.3282180899079256,0.5798004158520718,108
ÎßàÎùº3685,14343.0,128.9986458,35.15549402,0.4302426733059363,-0.0,0.14858277667448996,0.5788254499804263,109
ÎßàÎùº4692,11152.0,129.1096436,35.21718162,0.3345232024477307,-0.0,0.2410182343383282,0.575541436786059,110
ÎßàÎùº3792,16204.0,129.0107892,35.21845588,0.486066532681405,-0.0,0.08160317746885719,0.5676697101502621,111
ÎßàÎùº3678,13547.0,128.9974902,35.09239486,0.4063652998170201,-0.0,0.15255461274598303,0.5589199125630031,112
ÎßàÎùº4389,14494.0,129.0761701,35.19057419,0.4347721750607432,-0.0,0.1233074562195342,0.5580796312802774,113
ÎßàÎùº5186,15133.0,129.163457,35.16235876,0.4539400665926747,-0.0,0.10200397183607149,0.5559440384287462,114
ÎßàÎùº4986,17343.0,129.1415053,35.16265827,0.5202327743948165,-0.0,0.02401155443220798,0.5442443288270244,115
ÎßàÎùº4683,16283.0,129.1080448,35.1360591,0.48843627201007883,-0.0,0.055064090991153634,0.5435003630012325,116
ÎßàÎùº3374,16336.0,128.9639438,35.05673931,0.49002609712931566,-0.0,0.050731178913161215,0.5407572760424769,117
ÎßàÎùº4188,10307.0,129.0540382,35.18184424,0.3091759906410294,-0.0,0.2309081061563459,0.5400840967973753,118
ÎßàÎùº4684,13033.0,129.1082222,35.14507277,0.39094699583045855,-0.0,0.14786062466149125,0.5388076204919499,119
ÎßàÎùº3586,11050.0,128.9878342,35.16464347,0.33146353901070874,-0.0,0.20707708972738761,0.5385406287380964,120
ÎßàÎùº4393,12317.0,129.0768672,35.22662902,0.36946935837057915,-0.0,0.1664560389962087,0.5359253973667879,121
ÎßàÎùº4582,11978.0,129.0968962,35.1271905,0.3593004769475357,-0.0,0.16356743094421375,0.5228679078917494,122
ÎßàÎùº4277,10152.0,129.0631206,35.08255022,0.3045265020847706,-0.0,0.2139375338508756,0.5184640359356463,123
ÎßàÎùº3795,16764.0,129.0112907,35.24549773,0.5028646848846626,-0.0,0.014623578263224407,0.517488263147887,124
ÎßàÎùº2979,16769.0,128.9208738,35.1023334,0.5030146683864773,-0.0,0.010471204188481674,0.513485872574959,125
ÎßàÎùº3979,10596.0,129.0305603,35.10099804,0.31784503704592487,-0.0,0.19407835349341035,0.5119233905393352,126
ÎßàÎùº3476,13324.0,128.9752308,35.07463519,0.39967603563607995,-0.0,0.11139194800505506,0.511067983641135,127
ÎßàÎùº3785,14122.0,129.0096215,35.15535773,0.4236134025257221,-0.0,0.08395017151110308,0.5075635740368252,128
ÎßàÎùº4376,12551.0,129.0739131,35.07339443,0.37648858625551185,-0.0,0.12944574833002345,0.5059343345855353,129
ÎßàÎùº3984,10398.0,129.0314038,35.14606819,0.3119056903740588,-0.0,0.19191189745441414,0.503817587828473,130
ÎßàÎùº5595,9764.0,129.2090586,35.24286592,0.29288778234394214,-0.0,0.1778299332009388,0.47071771554488095,131
ÎßàÎùº3575,15447.0,128.9860324,35.06548699,0.4633590305066442,-0.0,0.005957754107239574,0.46931678461388376,132
ÎßàÎùº5086,13726.0,129.1524812,35.16250901,0.4117347091819899,-0.0,0.05668893302040079,0.4684236422023907,133
ÎßàÎùº5387,15489.0,129.1855945,35.17106857,0.4646188919218885,-0.0,0.0028886080519949448,0.4675074999738834,134
ÎßàÎùº4593,8481.0,129.0988369,35.22634078,0.2544020157782643,-0.0,0.20418848167539266,0.458590497453657,135
ÎßàÎùº4377,9454.0,129.0740862,35.08240834,0.2835888052314245,-0.0,0.1695251850514533,0.4531139902828778,136
ÎßàÎùº5386,12006.0,129.1854085,35.16205529,0.3601403845576986,-0.0,0.08774146957934645,0.44788185413704507,137
ÎßàÎùº4781,10355.0,129.1186606,35.11788569,0.3106158322584515,-0.0,0.13504242643076367,0.44565825868921516,138
ÎßàÎùº3583,14139.0,128.9873419,35.13760096,0.4241233464318924,-0.0,0.015526268279472828,0.43964961471136527,139
ÎßàÎùº4987,12920.0,129.1416865,35.17167175,0.38755736868944407,-0.0,0.05145333092615995,0.439010699615604,140
ÎßàÎùº3588,12582.0,128.9881628,35.18267173,0.3774184839667636,-0.0,0.051994944935909004,0.4294134289026726,141
ÎßàÎùº4985,14222.0,129.1413242,35.15364477,0.4266130725620181,-0.0,0.0,0.4266130725620181,142
ÎßàÎßà5104,13582.0,129.1667745,35.32459744,0.4074151843297237,-0.0,0.0028886080519949448,0.4103037923817186,143
ÎßàÎùº4182,3217.0,129.0530098,35.12776092,0.09649938506764254,-0.0,0.3134139736414515,0.40991335870909407,144
ÎßàÎùº4691,10539.0,129.1094656,35.20816806,0.3161352251252362,-0.0,0.09315760967683696,0.4092928348020731,145
ÎßàÎùº5187,10150.0,129.1636406,35.17137215,0.3044665086840447,-0.0,0.10398988987181801,0.4084563985558627,146
ÎßàÎùº3483,12608.0,128.9763685,35.13773517,0.37819839817620055,-0.0,0.026900162484202923,0.40509856066040345,147
ÎßàÎùº3474,9874.0,128.9749064,35.05660649,0.2961874193838677,-0.0,0.10832280194981043,0.40451022133367814,148
ÎßàÎùº3475,12501.0,128.9750686,35.06562085,0.3749887512373638,-0.0,0.020761870373713666,0.3957506216110775,149
ÎßàÎùº3578,8284.0,128.9865229,35.09252984,0.24849266580676121,-0.0,0.1458747066257447,0.3943673724325059,150
ÎßàÎùº5695,9242.0,129.2200449,35.24271024,0.27722950475447694,-0.0,0.1166275500992959,0.39385705485377287,151
ÎßàÎùº3777,6300.0,129.0082915,35.08324471,0.18897921228664843,-0.0,0.20400794367214298,0.3929871559587914,152
ÎßàÎùº2878,12689.0,128.9097496,35.09344693,0.3806281309056003,-0.0,0.0014443040259974724,0.3820724349315978,153
ÎßàÎùº3781,8216.0,129.0089559,35.11930133,0.24645289018207994,-0.0,0.1346813504242643,0.38113424060634427,154
ÎßàÎùº5696,10386.0,129.2202353,35.25172324,0.31154572996970326,-0.0,0.06481314316663657,0.3763588731363398,155
ÎßàÎùº4588,10526.0,129.0979536,35.18127268,0.31574526802051767,-0.0,0.05903592706264668,0.3747811950831643,156
ÎßàÎßà5204,11225.0,129.1777721,35.32444529,0.33671296157422675,-0.0,0.03412168261419028,0.37083464418841705,157
ÎßàÎùº3585,8842.0,128.98767,35.15562931,0.2652308246092929,-0.0,0.1041704278750677,0.3694012524843606,158
ÎßàÎùº3691,9172.0,128.9996392,35.20957846,0.27512973572906974,-0.0,0.08774146957934645,0.3628712053084162,159
ÎßàÎùº3486,11022.0,128.9768571,35.16477781,0.3306236314005459,-0.0,0.0249142444484564,0.3555378758490023,160
ÎßàÎßà5304,10575.0,129.1887696,35.32429214,0.31721510633830274,-0.0,0.029608232532948184,0.34682333887125094,161
ÎßàÎùº3796,11176.0,129.0114581,35.25451166,0.33524312325644173,-0.0,0.011373894204730095,0.34661701746117185,162
ÎßàÎùº3378,10373.0,128.964588,35.09279682,0.3111557728649848,-0.0,0.0249142444484564,0.3360700173134412,163
ÎßàÎùº4091,5728.0,129.0435707,35.20902625,0.17182109967903528,-0.0,0.16392850695071312,0.3357496066297484,164
ÎßàÎùº3377,4619.0,128.9644269,35.08378247,0.13855475897651257,-0.0,0.1866762953601733,0.32523105433668587,165
ÎßàÎùº3480,7436.0,128.9758805,35.11069241,0.22305546389897107,-0.0,0.1018234338328218,0.3248788977317929,166
ÎßàÎùº3894,9323.0,129.02211,35.23634611,0.2796592374838767,-0.0,0.03701029066618523,0.31666952815006194,167
ÎßàÎùº3897,9442.0,129.0226157,35.26338774,0.28322884482706895,-0.0,0.03231630258169344,0.3155451474087624,168
ÎßàÎùº3688,10246.0,128.9991422,35.1825363,0.30734619191888884,-0.0,0.007943672142986098,0.3152898640618749,169
ÎßàÎùº3684,7323.0,128.9984805,35.14647989,0.2196658367579566,-0.0,0.08972738761509297,0.30939322437304956,170
ÎßàÎùº3373,10140.0,128.9637829,35.0477249,0.3041665416804151,-0.0,0.0028886080519949448,0.30705514973241005,171
ÎßàÎùº5697,9318.0,129.2204258,35.26073622,0.27950925398206194,-0.0,0.019137028344466508,0.29864628232652846,172
ÎßàÎùº4276,8293.0,129.0629487,35.07353626,0.24876263611002786,-0.0,0.04585665282541975,0.2946192889354476,173
ÎßàÎùº3876,4785.0,129.0190903,35.07409365,0.14353421123676394,-0.0,0.1447914786062466,0.28832568984301055,174
ÎßàÎùº2978,9514.0,128.9207174,35.09331889,0.2853886072532021,-0.0,0.0018053800324968404,0.28719398728569895,175
ÎßàÎùº2877,9199.0,128.9095944,35.08443236,0.27593964663886966,-0.0,0.0036107600649936808,0.27955040670386333,176
ÎßàÎùº4886,8001.0,129.1305293,35.16280653,0.24000359960404352,-0.0,0.038274056688933016,0.2782776562929765,177
ÎßàÎùº4385,3916.0,129.0754742,35.15451914,0.11746707862135163,-0.0,0.15995667087922008,0.2774237495005717,178
ÎßàÎùº3886,8715.0,129.020765,35.16423447,0.261421243663197,-0.0,0.01119335620148041,0.27261459986467745,179
ÎßàÎùº3689,8691.0,128.9993078,35.19155037,0.26070132285448594,-0.0,0.011554432207979779,0.27225575506246574,180
ÎßàÎùº4584,7493.0,129.0972483,35.14521795,0.2247652758196598,-0.0,0.041162664740927966,0.26592794056058777,181
ÎßàÎùº4282,1088.0,129.0639815,35.1276198,0.032636409994900556,-0.0,0.22801949810435096,0.26065590809925154,182
ÎßàÎùº4887,7499.0,129.1307092,35.17182006,0.22494525602183757,-0.0,0.030510922549196604,0.2554561785710342,183
ÎßàÎùº5193,7969.0,129.164744,35.22545213,0.2390437051924288,-0.0,0.01335981224047662,0.2524035174329054,184
ÎßàÎùº3992,7893.0,129.0327574,35.21817968,0.23676395596484381,-0.0,0.015345730276223143,0.25210968624106694,185
ÎßàÎùº4888,5812.0,129.1308893,35.18083357,0.17434082250952393,-0.0,0.07745080339411446,0.2517916259036384,186
ÎßàÎùº3577,7715.0,128.9863593,35.08351557,0.23142454330023693,-0.0,0.019137028344466508,0.25056157164470344,187
ÎßàÎùº4680,5083.0,129.1075134,35.109018,0.15247322794492604,-0.0,0.09658783173858096,0.249061059683507,188
ÎßàÎùº3789,6433.0,129.0102883,35.1914139,0.19296877343492214,-0.0,0.05578624300415237,0.2487550164390745,189
ÎßàÎùº4779,8225.0,129.1183041,35.09985834,0.24672286048534656,-0.0,0.0019859180357465244,0.24870877852109308,190
ÎßàÎùº4885,7888.0,129.1303494,35.15379298,0.23661397246302904,-0.0,0.011373894204730095,0.24798786666775913,191
ÎßàÎùº3279,6945.0,128.9537805,35.10194321,0.20832708402075767,-0.0,0.03863513269543239,0.24696221671619006,192
ÎßàÎùº5589,4646.0,129.2079252,35.18878732,0.1393646698863125,-0.0,0.10561473190106517,0.24497940178737765,193
ÎßàÎùº3477,6787.0,128.9753931,35.08364951,0.20358760536341,-0.0,0.041343202744177646,0.24493080810758766,194
ÎßàÎùº3895,6494.0,129.0222785,35.24536,0.1947985721570627,-0.0,0.04603719082866943,0.24083576298573212,195
ÎßàÎùº2980,5361.0,128.9210303,35.11134791,0.16081231064582893,-0.0,0.07618703737136667,0.2369993480171956,196
ÎßàÎùº4485,7302.0,129.0864494,35.15437589,0.21903590605033443,-0.0,0.014984654269723776,0.23402056032005822,197
ÎßàÎùº4784,7581.0,129.1191959,35.14492659,0.2274049854516003,-0.0,0.003971836071493049,0.23137682152309333,198
ÎßàÎùº3982,2215.0,129.0310662,35.12804017,0.06644269130395655,-0.0,0.15797075284347353,0.22441344414743009,199
ÎßàÎùº3487,6353.0,128.9770202,35.17379199,0.19056903740588532,-0.0,0.030871998555695973,0.2214410359615813,200
ÎßàÎùº2184,6735.0,128.8338545,35.1484043,0.20202777694453605,-0.0,0.01642895829572125,0.2184567352402573,201
ÎßàÎßà5203,5705.0,129.1775859,35.3154322,0.1711311755706872,-0.0,0.04657880483841848,0.21770998040910566,202
ÎßàÎùº4595,4249.0,129.0991907,35.24436792,0.12745597984221732,-0.0,0.08665824155984835,0.21411422140206565,203
ÎßàÎùº3376,6150.0,128.9642658,35.0747681,0.18447970723220442,-0.0,0.0294276945296985,0.21390740176190293,204
ÎßàÎùº3892,5711.0,129.0217733,35.21831828,0.17131115577286496,-0.0,0.04062105073117891,0.21193220650404387,205
ÎßàÎùº4088,3912.0,129.0430591,35.18198464,0.11734709181989979,-0.0,0.09424083769633507,0.21158792951623484,206
ÎßàÎùº4993,2849.0,129.1427753,35.22575233,0.08546059933407324,-0.0,0.11626647409279653,0.20172707342686977,207
ÎßàÎùº4480,4753.0,129.0855753,35.10930699,0.1425743168251492,-0.0,0.058133237046398265,0.20070755387154748,208
ÎßàÎùº4084,2147.0,129.0423781,35.14592897,0.06440291567927527,-0.0,0.13341758440151652,0.19782050008079177,209
ÎßàÎùº5087,4906.0,129.1526636,35.17152244,0.1471638119806821,-0.0,0.050189564903412164,0.19735337688409427,210
ÎßàÎùº3381,6437.0,128.965072,35.1198398,0.19308876023637397,-0.0,0.0032496840584943128,0.1963384442948683,211
ÎßàÎùº5698,6105.0,129.2206164,35.26974919,0.18312985571587123,-0.0,0.009026900162484202,0.19215675587835543,212
ÎßàÎßà5303,5925.0,129.1885822,35.31527911,0.1777304496505384,-0.0,0.009387976168983571,0.18711842581952198,213
ÎßàÎùº3576,5374.0,128.9861958,35.07450129,0.1612022677505474,-0.0,0.022567250406210507,0.1837695181567579,214
ÎßàÎùº2680,3508.0,128.8881194,35.1117293,0.10522842487326392,-0.0,0.0779924174038635,0.18322084227712743,215
ÎßàÎùº4499,4250.0,129.0889073,35.28056693,0.1274859765425803,-0.0,0.05488355298790395,0.18236952953048424,216
ÎßàÎùº5596,4559.0,129.2092478,35.25187897,0.13675495695473497,-0.0,0.043870734789673224,0.18062569174440818,217
ÎßàÎùº4581,4220.0,129.0967202,35.11817676,0.1265860755316915,-0.0,0.05163386892940964,0.17821994446110112,218
ÎßàÎùº4782,4924.0,129.1188389,35.12689934,0.14770375258721538,-0.0,0.029247156526448815,0.1769509091136642,219
ÎßàÎùº3485,4578.0,128.9766942,35.15576361,0.1373248942616312,-0.0,0.036288138653186496,0.1736130329148177,220
ÎßàÎùº5798,4037.0,129.2316063,35.26959236,0.1210966793652698,-0.0,0.04838418487091532,0.16948086423618514,221
ÎßàÎùº5488,3880.0,129.1967586,35.1799285,0.11638719740828507,-0.0,0.05289763495215743,0.1692848323604425,222
ÎßàÎùº2879,5344.0,128.9099048,35.10246148,0.1603023667396586,-0.0,0.008846362159234518,0.16914872889889312,223
ÎßàÎùº4484,3067.0,129.0862744,35.14536214,0.09199988001319853,-0.0,0.07275681530962268,0.16475669532282122,224
ÎßàÎßà4601,1043.0,129.1112487,35.29830298,0.03128655847856735,-0.0,0.13341758440151652,0.16470414288008386,225
ÎßàÎùº4693,2986.0,129.1098216,35.22619516,0.08957014728379877,-0.0,0.07420111933562014,0.1637712666194189,226
ÎßàÎùº4475,2034.0,129.0847031,35.06423774,0.06101328853826078,-0.0,0.1018234338328218,0.1628367223710826,227
ÎßàÎùº4177,1805.0,129.052155,35.0826911,0.05414404415514292,-0.0,0.10669795992056327,0.1608420040757062,228
ÎßàÎùº5694,3014.0,129.2198546,35.23369723,0.09041005489396164,-0.0,0.06986820725762773,0.16027826215158936,229
ÎßàÎùº5594,3947.0,129.2088695,35.23385286,0.11839697633260339,-0.0,0.04098212673767828,0.15937910307028166,230
ÎßàÎùº4780,3951.0,129.1184823,35.10887202,0.11851696313405523,-0.0,0.04044051272792923,0.15895747586198444,231
ÎßàÎùº3990,5131.0,129.0324185,35.2001519,0.15391306956234813,-0.0,0.0018053800324968404,0.15571844959484496,232
ÎßàÎßà5106,4772.0,129.1671447,35.34262367,0.14314425413204546,-0.0,0.0014443040259974724,0.14458855815804292,233
ÎßàÎùº5898,1242.0,129.2425961,35.26943452,0.03725590185079641,-0.0,0.10561473190106517,0.14287063375186157,234
ÎßàÎùº3590,3565.0,128.9884916,35.20069994,0.10693823679395265,-0.0,0.03376060660769092,0.14069884340164357,235
ÎßàÎùº5591,3726.0,129.2083026,35.20681358,0.11176770555238921,-0.0,0.02708070048745261,0.13884840603984183,236
ÎßàÎùº4191,4066.0,129.0545534,35.20888571,0.12196658367579565,-0.0,0.015706806282722512,0.13767338995851816,237
ÎßàÎùº4394,3211.0,129.0770417,35.23564269,0.09631940486546478,-0.0,0.03989889871818018,0.13621830358364495,238
ÎßàÎùº3280,4265.0,128.9539406,35.11095758,0.1279359270480247,-0.0,0.005416140097490522,0.13335206714551523,239
ÎßàÎùº3978,1794.0,129.0303918,35.09198397,0.05381408045115037,-0.0,0.07943672142986098,0.13325080188101135,240
ÎßàÎùº4891,2001.0,129.13143,35.20787404,0.0600233974262831,-0.0,0.07059035927062646,0.13061375669690956,241
ÎßàÎùº5793,1327.0,129.2306482,35.22452763,0.03980562138164801,-0.0,0.08719985556959739,0.1270054769512454,242
ÎßàÎùº5092,1389.0,129.1535768,35.21658939,0.041665416804151534,-0.0,0.08521393753385087,0.1268793543380024,243
ÎßàÎùº4284,17052.0,129.0643264,35.14564754,0.5115037345891951,-1.0,0.6150929770716735,0.1265967116608686,244
ÎßàÎùº3287,1001.0,128.9550634,35.17405779,0.03002669706332303,-0.0,0.0951435277125835,0.12517022477590653,245
ÎßàÎßà5803,1129.0,129.2435625,35.31449863,0.033866274709781916,-0.0,0.0906300776313414,0.12449635234112331,246
ÎßàÎùº3192,1077.0,128.9448829,35.21926057,0.032306446290907995,-0.0,0.09081061563459107,0.12311706192549907,247
ÎßàÎùº4386,2283.0,129.0756481,35.16353292,0.06848246692863784,-0.0,0.051814406932659325,0.12029687386129717,248
ÎßàÎùº3392,1014.0,128.966852,35.21899632,0.03041665416804151,-0.0,0.08882469759884455,0.11924135176688606,249
ÎßàÎùº4080,2804.0,129.0416983,35.10987306,0.08411074781774003,-0.0,0.033218992597941865,0.1173297404156819,250
ÎßàÎùº5194,3727.0,129.1649282,35.23446541,0.11179770225275218,-0.0,0.004513450081242101,0.11631115233399428,251
ÎßàÎùº4594,1760.0,129.0990138,35.23535435,0.052794192638809724,-0.0,0.061743997111391946,0.11453818975020166,252
ÎßàÎùº4793,1681.0,129.1208062,35.22604855,0.050424453310135876,-0.0,0.05668893302040079,0.10711338633053666,253
ÎßàÎùº3080,1709.0,128.9320005,35.11121879,0.051264360920298756,-0.0,0.05578624300415237,0.10705060392445112,254
ÎßàÎùº3580,3386.0,128.9868503,35.11055833,0.1015688274289828,-0.0,0.004513450081242101,0.10608227751022489,255
ÎßàÎùº3092,987.0,128.9338983,35.21939119,0.02960674325824159,-0.0,0.07636757537461636,0.10597431863285794,256
ÎßàÎùº3797,3420.0,129.0116255,35.26352557,0.10258871524132343,-0.0,0.002708070048745261,0.1052967852900687,257
ÎßàÎùº2284,3385.0,128.84483,35.14828296,0.10153883072861983,-0.0,0.0003610760064993681,0.1018999067351192,258
ÎßàÎùº3492,779.0,128.9778364,35.21886271,0.023367429582745895,-0.0,0.0758259613648673,0.0991933909476132,259
ÎßàÎùº3382,2306.0,128.9652334,35.1288541,0.06917239103698591,-0.0,0.029788770536197866,0.09896116157318378,260
ÎßàÎùº4279,1143.0,129.0634648,35.10057809,0.03428622851486336,-0.0,0.06409099115363784,0.0983772196685012,261
ÎßàÎùº5195,2977.0,129.1651124,35.24347868,0.08930017698053212,-0.0,0.008846362159234518,0.09814653913976665,262
ÎßàÎùº3191,549.0,128.9447232,35.21024632,0.01646818849926508,-0.0,0.08106156345910814,0.09752975195837323,263
ÎßàÎùº2279,520.0,128.8440892,35.10320914,0.015598284188739236,-0.0,0.0803394114461094,0.09593769563484864,264
ÎßàÎßà5205,2572.0,129.1779584,35.33345836,0.0771515133335333,-0.0,0.017873262321718722,0.09502477565525203,265
ÎßàÎùº5388,3116.0,129.1857806,35.18008183,0.09346971833098358,-0.0,0.0005416140097490522,0.09401133234073264,266
ÎßàÎùº2173,660.0,128.83224,35.04924098,0.019797822239553647,-0.0,0.07347896732262141,0.09327678956217506,267
ÎßàÎùº3592,787.0,128.9888207,35.21872809,0.023607403185649575,-0.0,0.06824336522838056,0.09185076841403014,268
ÎßàÎùº4179,1972.0,129.0524967,35.10071907,0.05915349311575726,-0.0,0.03249684058494313,0.09165033370070039,269
ÎßàÎùº5085,3036.0,129.1522989,35.15349557,0.09106998230194677,-0.0,0.0,0.09106998230194677,270
ÎßàÎùº3473,2994.0,128.9747443,35.04759213,0.08981012088670244,-0.0,0.0005416140097490522,0.0903517348964515,271
ÎßàÎùº2275,392.0,128.8434977,35.06714983,0.011758706542280346,-0.0,0.07708972738761509,0.08884843392989544,272
ÎßàÎùº5188,2929.0,129.1638243,35.18038551,0.08786033536311004,-0.0,0.0007221520129987362,0.08858248737610877,273
ÎßàÎùº2174,779.0,128.8323865,35.0582559,0.023367429582745895,-0.0,0.06445206716013721,0.08781949674288311,274
ÎßàÎùº3184,399.0,128.9436069,35.1471462,0.011968683444821068,-0.0,0.07492327134861888,0.08689195479343995,275
ÎßàÎßà5802,367.0,129.2433691,35.30548584,0.011008789033206345,-0.0,0.07528434735511824,0.08629313638832459,276
ÎßàÎùº5588,1656.0,129.2077365,35.17977418,0.049674535801061875,-0.0,0.03358006860444123,0.08325460440550311,277
ÎßàÎùº5895,547.0,129.2420173,35.24239589,0.016408195098539156,-0.0,0.065715833182885,0.08212402828142415,278
ÎßàÎùº3491,973.0,128.977673,35.20984859,0.029186789453160146,-0.0,0.05271709694890774,0.08190388640206789,279
ÎßàÎßà5902,683.0,129.2543637,35.3053268,0.020487746347901726,-0.0,0.061382921104892574,0.0818706674527943,280
ÎßàÎßà6104,643.0,129.2767469,35.32303097,0.019287878333383326,-0.0,0.06029969308539447,0.0795875714187778,281
ÎßàÎùº3288,865.0,128.9552241,35.18307205,0.02594714581396046,-0.0,0.05235602094240838,0.07830316675636884,282
ÎßàÎùº3584,1970.0,128.9875059,35.14661514,0.059093499715031333,-0.0,0.018414876331467774,0.0775083760464991,283
ÎßàÎùº2789,450.0,128.9004795,35.1927338,0.013498515163332031,-0.0,0.06264668712764036,0.0761452022909724,284
ÎßàÎùº3677,2051.0,128.9973254,35.08338064,0.0615232324444311,-0.0,0.012998736233977251,0.07452196867840835,285
ÎßàÎùº3481,2213.0,128.9760431,35.11970667,0.06638269790323063,-0.0,0.008124210146235782,0.07450690804946641,286
ÎßàÎßà4600,537.0,129.11107,35.28928956,0.016108228094909558,-0.0,0.05614731901065174,0.0722555471055613,287
ÎßàÎùº4381,499.0,129.0747796,35.11846385,0.014968353481117075,-0.0,0.05723054703014984,0.07219890051126691,288
ÎßàÎßà6105,793.0,129.2769441,35.33204358,0.023787383387827335,-0.0,0.046217728831919117,0.07000511221974645,289
ÎßàÎùº4189,2060.0,129.0542098,35.19085808,0.06179320274769774,-0.0,0.007943672142986098,0.06973687489068384,290
ÎßàÎßà6205,1103.0,129.2879421,35.33188138,0.033086360500344955,-0.0,0.03358006860444123,0.06666642910478618,291
ÎßàÎùº2580,1069.0,128.877149,35.11185444,0.03206647268800431,-0.0,0.034482758620689655,0.06654923130869397,292
ÎßàÎùº4792,1797.0,129.120627,35.21703505,0.053904070552239246,-0.0,0.012276584220978515,0.06618065477321776,293
ÎßàÎßà5901,620.0,129.2541691,35.29631404,0.018597954225035244,-0.0,0.04712041884816753,0.06571837307320277,294
ÎßàÎùº3292,758.0,128.9558675,35.21912894,0.022737498875123732,-0.0,0.0429680447734248,0.06570554364854853,295
ÎßàÎßà5900,459.0,129.2539746,35.28730127,0.013768485466598672,-0.0,0.051814406932659325,0.06558289239925799,296
ÎßàÎùº2071,365.0,128.8209874,35.03133093,0.010948795632480425,-0.0,0.05398086297165553,0.06492965860413595,297
ÎßàÎùº5897,455.0,129.2424031,35.26042166,0.013648498665146832,-0.0,0.050550640909911536,0.06419913957505836,298
ÎßàÎùº3782,728.0,129.0091222,35.12831545,0.02183759786423493,-0.0,0.041343202744177646,0.06318080060841258,299
ÎßàÎùº4196,767.0,129.0554135,35.25395454,0.023007469178390375,-0.0,0.03899620870193175,0.06200367788032213,300
ÎßàÎùº5294,801.0,129.1759136,35.23431377,0.024027356990731014,-0.0,0.037551904675934285,0.0615792616666653,301
ÎßàÎßà5404,1335.0,129.1997671,35.324138,0.040045594984551694,-0.0,0.0214840223867124,0.0615296173712641,302
ÎßàÎùº4783,1953.0,129.1190174,35.13591297,0.058583555808861015,-0.0,0.0018053800324968404,0.060388935841357856,303
ÎßàÎùº2169,410.0,128.8316549,35.01318118,0.01229864714881363,-0.0,0.04766203285791659,0.05996068000673022,304
ÎßàÎùº3683,1908.0,128.9983153,35.13746576,0.05723370429252781,-0.0,0.002166456038996209,0.05940016033152402,305
ÎßàÎùº5797,961.0,129.2314145,35.26057944,0.028826829048804625,-0.0,0.03033038454594692,0.05915721359475155,306
ÎßàÎùº3183,230.0,128.9434477,35.13813184,0.0068992410834808155,-0.0,0.05217548293915869,0.0590747240226395,307
ÎßàÎùº3278,1047.0,128.9536205,35.09292883,0.03140654528001919,-0.0,0.025997472467954502,0.05740401774797369,308
ÎßàÎùº4892,434.0,129.1316103,35.21688749,0.01301856795752467,-0.0,0.04369019678642354,0.05670876474394821,309
ÎßàÎùº4375,417.0,129.07374,35.0643805,0.012508624051354349,-0.0,0.0429680447734248,0.05547666882477915,310
ÎßàÎùº3887,1803.0,129.0209328,35.17324847,0.054084050754417,-0.0,0.0,0.054084050754417,311
ÎßàÎßà4602,412.0,129.1114274,35.3073164,0.012358640549539548,-0.0,0.04170427875067702,0.05406291930021657,312
ÎßàÎùº5590,564.0,129.2081139,35.19780046,0.016918139004709478,-0.0,0.03682975266293555,0.05374789166764503,313
ÎßàÎùº4994,691.0,129.142957,35.23476571,0.02072771995080541,-0.0,0.03231630258169344,0.05304402253249885,314
ÎßàÎùº2584,476.0,128.8777563,35.14791298,0.014278429372768993,-0.0,0.03863513269543239,0.05291356206820138,315
ÎßàÎßà6204,536.0,129.2877436,35.32286883,0.0160782313945466,-0.0,0.03610760064993681,0.052185832044483405,316
ÎßàÎùº4292,810.0,129.0657091,35.21775792,0.024297327293997657,-0.0,0.026539086477703554,0.050836413771701214,317
ÎßàÎùº2889,282.0,128.9114607,35.19260629,0.008459069502354739,-0.0,0.040079436721429856,0.0485385062237846,318
ÎßàÎßà5100,354.0,129.166035,35.2885448,0.010618831928487865,-0.0,0.03701029066618523,0.0476291225946731,319
ÎßàÎùº2891,273.0,128.9117727,35.21063508,0.008189099199088098,-0.0,0.03881567069868207,0.047004769897770166,320
ÎßàÎùº2685,259.0,128.8888848,35.15680223,0.007769145394006658,-0.0,0.03899620870193175,0.04676535409593841,321
ÎßàÎùº3680,329.0,128.99782,35.11042326,0.009868914419413862,-0.0,0.03556598664018776,0.04543490105960162,322
ÎßàÎßà4703,338.0,129.122603,35.3161827,0.010138884722680503,-0.0,0.035024372630438706,0.04516325735311921,323
ÎßàÎùº2987,200.0,128.9221277,35.17444902,0.005999340072592014,-0.0,0.03863513269543239,0.0446344727680244,324
ÎßàÎùº3390,208.0,128.9665277,35.20096799,0.006239313675495695,-0.0,0.038093518685683336,0.044332832361179034,325
ÎßàÎùº3190,312.0,128.9445635,35.20123206,0.00935897051324354,-0.0,0.03430222061743997,0.04366119113068351,326
ÎßàÎùº2886,225.0,128.9109932,35.165563,0.0067492575816660155,-0.0,0.03682975266293555,0.04357901024460156,327
ÎßàÎùº2276,160.0,128.8436455,35.07616467,0.00479947205807361,-0.0,0.0373713666726846,0.042170838730758206,328
ÎßàÎùº2175,210.0,128.832533,35.0672708,0.006299307076221615,-0.0,0.035746524643437444,0.04204583171965906,329
ÎßàÎùº4089,828.0,129.0432296,35.19099853,0.024837267900530938,-0.0,0.015887344285972195,0.04072461218650313,330
ÎßàÎßà6003,248.0,129.265554,35.31417944,0.0074391816900140975,-0.0,0.0328579165914425,0.0402970982814566,331
ÎßàÎùº2480,157.0,128.8661784,35.1119786,0.004709481956984731,-0.0,0.03556598664018776,0.04027546859717249,332
ÎßàÎùº3776,435.0,129.0081256,35.07423052,0.01304856465788763,-0.0,0.026900162484202923,0.03994872714209055,333
ÎßàÎùº2681,200.0,128.8882723,35.12074391,0.005999340072592014,-0.0,0.0328579165914425,0.038857256664034515,334
ÎßàÎùº2986,262.0,128.9219707,35.16543462,0.007859135495095539,-0.0,0.03033038454594692,0.03818952004104246,335
ÎßàÎùº3182,176.0,128.9432886,35.12911747,0.005279419263880972,-0.0,0.0294276945296985,0.03470711379357947,336
ÎßàÎùº5799,202.0,129.2317982,35.27860526,0.006059333473317934,-0.0,0.028344466510200395,0.03440379998351833,337
ÎßàÎßà5504,376.0,129.2107644,35.32398285,0.011278759336472986,-0.0,0.022206174399711138,0.03348493373618412,338
ÎßàÎùº5690,173.0,129.2190941,35.19764504,0.005189429162792092,-0.0,0.028163928506950712,0.0333533576697428,339
ÎßàÎùº5099,242.0,129.1548587,35.2796825,0.007259201487836337,-0.0,0.02581693446470482,0.03307613595254116,340
ÎßàÎßà6009,189.0,129.2667312,35.36825526,0.005669376368599453,-0.0,0.02726123849070229,0.032930614859301745,341
ÎßàÎùº3090,269.0,128.9335813,35.2013626,0.008069112397636259,-0.0,0.024372630438707348,0.03244174283634361,342
ÎßàÎùº2582,376.0,128.8774525,35.12988374,0.011278759336472986,-0.0,0.021122946380213035,0.03240170571668602,343
ÎßàÎùº3593,131.0,128.9889854,35.22774215,0.0039295677475477695,-0.0,0.028163928506950712,0.032093496254498484,344
ÎßàÎùº2991,300.0,128.9227563,35.21050649,0.00899901010888802,-0.0,0.02274778840946019,0.03174679851834821,345
ÎßàÎßà4808,306.0,129.1345073,35.36110089,0.00917899031106578,-0.0,0.022025636396461455,0.031204626707527237,346
ÎßàÎùº5295,363.0,129.1760991,35.24332699,0.010888802231754506,-0.0,0.020039718360714928,0.030928520592469436,347
ÎßàÎßà5907,170.0,129.2553378,35.35039035,0.005099439061703212,-0.0,0.02581693446470482,0.030916373526408032,348
ÎßàÎùº2689,159.0,128.8894983,35.19286032,0.004769475357710651,-0.0,0.02581693446470482,0.03058640982241547,349
ÎßàÎùº2890,236.0,128.9116167,35.2016207,0.007079221285658576,-0.0,0.023469940422458927,0.030549161708117504,350
ÎßàÎùº5792,334.0,129.2304568,35.21551464,0.010018897921228663,-0.0,0.020400794367214297,0.030419692288442962,351
ÎßàÎùº2887,224.0,128.911149,35.17457744,0.006719260881303055,-0.0,0.023469940422458927,0.030189201303761983,352
ÎßàÎùº5593,126.0,129.2086804,35.22483978,0.0037795842457329686,-0.0,0.02581693446470482,0.029596518710437787,353
ÎßàÎßà4500,272.0,129.1000768,35.28943551,0.008159102498725139,-0.0,0.021303484383462717,0.029462586882187856,354
ÎßàÎùº4079,979.0,129.0415285,35.10085905,0.029366769655337906,-0.0,0.0,0.029366769655337906,355
ÎßàÎùº2684,240.0,128.8887315,35.14778767,0.0071992080871104164,-0.0,0.022025636396461455,0.02922484448357187,356
ÎßàÎùº1972,128.0,128.8101713,35.04046479,0.003839577646458889,-0.0,0.025275320454955768,0.029114898101414658,357
ÎßàÎùº1971,134.0,128.8100274,35.03144977,0.00401955784863665,-0.0,0.025094782451706082,0.029114340300342732,358
ÎßàÎùº4597,323.0,129.0995449,35.262395,0.009688934217236102,-0.0,0.019137028344466508,0.02882596256170261,359
ÎßàÎùº3079,364.0,128.9318428,35.10220433,0.010918798932117465,-0.0,0.017873262321718722,0.02879206125383619,360
ÎßàÎùº4176,219.0,129.0519842,35.07367709,0.006569277379488255,-0.0,0.02184509839321177,0.028414375772700024,361
ÎßàÎùº4580,319.0,129.0965444,35.10916299,0.009568947415784262,-0.0,0.018053800324968405,0.027622747740752667,362
ÎßàÎßà6008,130.0,129.2665348,35.35924266,0.003899571047184809,-0.0,0.02274778840946019,0.026647359456645,363
ÎßàÎùº4699,207.0,129.1108914,35.28027611,0.006209316975132734,-0.0,0.020039718360714928,0.026249035335847663,364
ÎßàÎùº2892,150.0,128.9119289,35.21964946,0.00449950505444401,-0.0,0.021664560389962086,0.026164065444406095,365
ÎßàÎßà5808,83.0,129.244531,35.35956238,0.0024897261301256857,-0.0,0.02365047842570861,0.026140204555834295,366
ÎßàÎùº5796,856.0,129.2312228,35.25156651,0.02567717551069382,-0.0,0.0,0.02567717551069382,367
ÎßàÎùº3284,164.0,128.9545818,35.14701493,0.0049194588595254515,-0.0,0.020581332370463983,0.025500791229989436,368
ÎßàÎùº2690,145.0,128.8896518,35.20187481,0.00434952155262921,-0.0,0.020761870373713666,0.025111391926342874,369
ÎßàÎùº2988,267.0,128.9222847,35.18346341,0.008009118996910338,-0.0,0.0169705723054703,0.02497969130238064,370
ÎßàÎßà5702,182.0,129.2323744,35.30564388,0.005459399466058733,-0.0,0.019498104350965877,0.02495750381702461,371
ÎßàÎßà6007,120.0,129.2663384,35.35023005,0.0035996040435552082,-0.0,0.021303484383462717,0.024903088427017925,372
ÎßàÎßà4807,197.0,129.1343256,35.35208766,0.0059093499715031335,-0.0,0.018956490341216825,0.024865840312719958,373
ÎßàÎùº2787,134.0,128.9001702,35.17470487,0.00401955784863665,-0.0,0.020761870373713666,0.024781428222350316,374
ÎßàÎùº3087,136.0,128.9331063,35.17431961,0.0040795512493625695,-0.0,0.020400794367214297,0.024480345616576867,375
ÎßàÎùº4486,575.0,129.0866245,35.16338963,0.01724810270870204,-0.0,0.0072215201299873615,0.0244696228386894,376
ÎßàÎßà5806,159.0,129.2441434,35.34153692,0.004769475357710651,-0.0,0.019678642354215563,0.024448117711926214,377
ÎßàÎùº3286,156.0,128.9549028,35.16504352,0.00467948525662177,-0.0,0.019678642354215563,0.024358127610837332,378
ÎßàÎùº3389,176.0,128.9663657,35.1919538,0.005279419263880972,-0.0,0.018234338328218087,0.02351375759209906,379
ÎßàÎßà6106,545.0,129.2771415,35.34105617,0.016348201697813237,-0.0,0.0068604441234879935,0.023208645821301232,380
ÎßàÎùº3875,131.0,129.0189233,35.06507949,0.0039295677475477695,-0.0,0.018414876331467774,0.022344444079015542,381
ÎßàÎùº2781,181.0,128.8992439,35.12061773,0.005429402765695772,-0.0,0.016790034302220615,0.02221943706791639,382
ÎßàÎùº2990,158.0,128.922599,35.20149215,0.004739478657347691,-0.0,0.0169705723054703,0.021710050962817994,383
ÎßàÎßà5908,127.0,129.2555329,35.35940302,0.003809580946095929,-0.0,0.017873262321718722,0.021682843267814653,384
ÎßàÎùº5497,122.0,129.1984482,35.26104679,0.0036595974442811285,-0.0,0.017873262321718722,0.021532859765999852,385
ÎßàÎßà4400,195.0,129.0890835,35.28958047,0.005849356570777214,-0.0,0.015526268279472828,0.02137562485025004,386
ÎßàÎùº2790,97.0,128.9006343,35.20174825,0.0029096799352071267,-0.0,0.018414876331467774,0.0213245562666749,387
ÎßàÎßà5809,168.0,129.244725,35.36857508,0.005039445660977292,-0.0,0.016248420292471564,0.021287865953448858,388
ÎßàÎùº3082,117.0,128.9323161,35.12924766,0.003509613942466328,-0.0,0.017692724318469036,0.021202338260935365,389
ÎßàÎùº3285,96.0,128.9547422,35.15602923,0.0028796832348441668,-0.0,0.018053800324968405,0.02093348355981257,390
ÎßàÎùº2375,107.0,128.8544623,35.06702786,0.0032096469388367276,-0.0,0.017692724318469036,0.020902371257305763,391
ÎßàÎßà5500,120.0,129.2100054,35.28793102,0.0035996040435552082,-0.0,0.0169705723054703,0.02057017634902551,392
ÎßàÎùº4998,152.0,129.1436848,35.27081909,0.004559498455169931,-0.0,0.015345730276223143,0.019905228731393075,393
ÎßàÎßà5307,97.0,129.1893324,35.35133117,0.0029096799352071267,-0.0,0.0169705723054703,0.019880252240677427,394
ÎßàÎùº4092,185.0,129.0437413,35.21804009,0.005549389567147613,-0.0,0.01426250225672504,0.019811891823872652,395
ÎßàÎùº3591,148.0,128.9886561,35.20971403,0.00443951165371809,-0.0,0.015345730276223143,0.019785241929941234,396
ÎßàÎùº2880,0.0,128.9100601,35.11147603,0.0,-0.0,0.019678642354215563,0.019678642354215563,397
ÎßàÎùº4585,626.0,129.0974245,35.15423166,0.018777934427213004,-0.0,0.0007221520129987362,0.019500086440211742,398
ÎßàÎßà4908,160.0,129.14551,35.36095155,0.00479947205807361,-0.0,0.014623578263224407,0.019423050321298017,399
ÎßàÎùº3083,113.0,128.932474,35.13826208,0.003389627141014488,-0.0,0.015887344285972195,0.019276971426986683,400
ÎßàÎùº3291,160.0,128.9557065,35.21011474,0.00479947205807361,-0.0,0.014443040259974723,0.019242512318048334,401
ÎßàÎßà5903,179.0,129.2545583,35.31433954,0.005369409364969852,-0.0,0.013540350243726304,0.018909759608696158,402
ÎßàÎßà6004,110.0,129.26575,35.32319212,0.0032996370399256078,-0.0,0.015526268279472828,0.018825905319398435,403
ÎßàÎùº5285,300.0,129.1742481,35.15319418,0.00899901010888802,-0.0,0.009749052175482938,0.01874806228437096,404
ÎßàÎßà4702,131.0,129.122423,35.30716935,0.0039295677475477695,-0.0,0.014804116266474092,0.01873368401402186,405
ÎßàÎßà6206,594.0,129.2881407,35.34089392,0.01781804001559828,-0.0,0.0009026900162484202,0.0187207300318467,406
ÎßàÎùº5299,118.0,129.1768418,35.27937971,0.003539610642829288,-0.0,0.01516519227297346,0.01870480291580275,407
ÎßàÎßà5605,128.0,129.2219529,35.33283957,0.003839577646458889,-0.0,0.014623578263224407,0.018463155909683296,408
ÎßàÎùº2989,223.0,128.9224419,35.19247778,0.006689264180940096,-0.0,0.011734970211229464,0.01842423439216956,409
ÎßàÎùº5692,143.0,129.2194742,35.21567116,0.00428952815190329,-0.0,0.014081964253475356,0.018371492405378647,410
ÎßàÎßà4603,118.0,129.1116062,35.3163298,0.003539610642829288,-0.0,0.014804116266474092,0.01834372690930338,411
ÎßàÎùº5492,78.0,129.1975087,35.21598122,0.002339742628310885,-0.0,0.015887344285972195,0.01822708691428308,412
ÎßàÎßà5910,134.0,129.2559234,35.37742831,0.00401955784863665,-0.0,0.013901426250225671,0.017920984098862322,413
ÎßàÎùº3085,117.0,128.93279,35.15629087,0.003509613942466328,-0.0,0.01426250225672504,0.01777211619919137,414
ÎßàÎùº2686,122.0,128.889038,35.16581677,0.0036595974442811285,-0.0,0.014081964253475356,0.017741561697756484,415
ÎßàÎùº3091,227.0,128.9337398,35.2103769,0.006809250982391935,-0.0,0.010651742191731359,0.017460993174123293,416
ÎßàÎùº5198,130.0,129.1656657,35.2705184,0.003899571047184809,-0.0,0.013540350243726304,0.017439921290911112,417
ÎßàÎùº3185,96.0,128.9437662,35.15616055,0.0028796832348441668,-0.0,0.014443040259974723,0.01732272349481889,418
ÎßàÎùº2274,65.0,128.84335,35.05813496,0.0019497855235924046,-0.0,0.014984654269723776,0.01693443979331618,419
ÎßàÎùº3186,52.0,128.9439255,35.16517488,0.0015598284188739237,-0.0,0.01516519227297346,0.016725020691847385,420
ÎßàÎùº1974,29.0,128.8104593,35.0584948,0.000869904310525842,-0.0,0.015345730276223143,0.016215634586748986,421
ÎßàÎùº3898,519.0,129.0227844,35.27240159,0.015568287488376275,-0.0,0.0003610760064993681,0.015929363494875642,422
ÎßàÎùº4596,180.0,129.0993678,35.25338146,0.005399406065332813,-0.0,0.010290666185231992,0.015690072250564804,423
ÎßàÎùº3893,501.0,129.0219416,35.2273322,0.015028346881842994,-0.0,0.0005416140097490522,0.015569960891592046,424
ÎßàÎùº5486,137.0,129.1963841,35.16190206,0.00410954794972553,-0.0,0.011373894204730095,0.015483442154455625,425
ÎßàÎùº5795,89.0,129.2310312,35.24255356,0.002669706332303446,-0.0,0.012637660227477884,0.01530736655978133,426
ÎßàÎùº3086,100.0,128.9329481,35.16530525,0.002999670036296007,-0.0,0.01209604621772883,0.015095716254024838,427
ÎßàÎùº5197,122.0,129.1654812,35.26150517,0.0036595974442811285,-0.0,0.011373894204730095,0.015033491649011223,428
ÎßàÎßà6001,128.0,129.2651624,35.29615406,0.003839577646458889,-0.0,0.01119335620148041,0.015032933847939299,429
ÎßàÎßà5804,96.0,129.243756,35.32351141,0.0028796832348441668,-0.0,0.011915508214479148,0.014795191449323314,430
ÎßàÎùº3977,153.0,129.0302234,35.08296989,0.00458949515553289,-0.0,0.010110128181982307,0.014699623337515198,431
ÎßàÎßà6107,91.0,129.277339,35.35006874,0.0027296997330293663,-0.0,0.011915508214479148,0.014645207947508515,432
ÎßàÎùº2688,96.0,128.8893448,35.18384582,0.0028796832348441668,-0.0,0.011734970211229464,0.014614653446073631,433
ÎßàÎùº2888,95.0,128.9113048,35.18359187,0.0028496865344812064,-0.0,0.011554432207979779,0.014404118742460986,434
ÎßàÎùº2070,76.0,128.8208424,35.02231593,0.0022797492275849654,-0.0,0.01209604621772883,0.014375795445313796,435
ÎßàÎùº2788,79.0,128.9003248,35.18371934,0.0023697393286738456,-0.0,0.011734970211229464,0.01410470953990331,436
ÎßàÎßà5701,91.0,129.2321822,35.29663102,0.0027296997330293663,-0.0,0.011373894204730095,0.014103593937759461,437
ÎßàÎùº2273,83.0,128.8432023,35.04912009,0.0024897261301256857,-0.0,0.01119335620148041,0.013683082331606096,438
ÎßàÎùº2687,79.0,128.8891914,35.1748313,0.0023697393286738456,-0.0,0.01119335620148041,0.013563095530154256,439
ÎßàÎùº3289,92.0,128.9553848,35.19208629,0.0027596964333923262,-0.0,0.010651742191731359,0.013411438625123685,440
ÎßàÎßà5906,97.0,129.2551428,35.34137767,0.0029096799352071267,-0.0,0.010471204188481674,0.013380884123688801,441
ÎßàÎùº2490,40.0,128.8676866,35.20212494,0.0011998680145184025,-0.0,0.01209604621772883,0.013295914232247233,442
ÎßàÎùº4698,97.0,129.1107129,35.27126266,0.0029096799352071267,-0.0,0.010290666185231992,0.013200346120439119,443
ÎßàÎùº2586,38.0,128.8780603,35.16594217,0.0011398746137924827,-0.0,0.011915508214479148,0.013055382828271631,444
ÎßàÎßà5600,96.0,129.2209979,35.28777508,0.0028796832348441668,-0.0,0.010110128181982307,0.012989811416826473,445
ÎßàÎùº5199,105.0,129.1658503,35.27953161,0.0031496535381108073,-0.0,0.009387976168983571,0.012537629707094378,446
ÎßàÎùº5098,138.0,129.1546753,35.27066924,0.004139544650088489,-0.0,0.008304748149485466,0.012444292799573955,447
ÎßàÎùº2786,59.0,128.9000157,35.16569038,0.001769805321414644,-0.0,0.010651742191731359,0.012421547513146003,448
ÎßàÎùº4893,65.0,129.1317908,35.22590094,0.0019497855235924046,-0.0,0.010471204188481674,0.012420989712074079,449
ÎßàÎùº5790,94.0,129.2300743,35.19748862,0.0028196898341182465,-0.0,0.009387976168983571,0.012207666003101818,450
ÎßàÎùº4999,120.0,129.143867,35.2798324,0.0035996040435552082,-0.0,0.008304748149485466,0.011904352193040674,451
ÎßàÎùº3084,86.0,128.932632,35.14727648,0.002579716231214566,-0.0,0.009207438165733887,0.011787154396948453,452
ÎßàÎùº5487,39.0,129.1965713,35.17091529,0.0011698713141554426,-0.0,0.010471204188481674,0.011641075502637117,453
ÎßàÎùº4380,368.0,129.0746062,35.10945,0.011038785733569305,-0.0,0.0005416140097490522,0.011580399743318356,454
ÎßàÎßà6006,56.0,129.2661422,35.34121742,0.001679815220325764,-0.0,0.009749052175482938,0.011428867395808702,455
ÎßàÎùº2181,66.0,128.8334134,35.12135992,0.0019797822239553645,-0.0,0.009387976168983571,0.011367758392938935,456
ÎßàÎùº4275,211.0,129.0627768,35.06452228,0.006329303776584575,-0.0,0.004874526087741469,0.011203829864326043,457
ÎßàÎßà6005,78.0,129.2659461,35.33220478,0.002339742628310885,-0.0,0.008846362159234518,0.011186104787545403,458
ÎßàÎßà5703,88.0,129.2325666,35.31465672,0.002639709631940486,-0.0,0.008304748149485466,0.010944457781425953,459
ÎßàÎùº4076,56.0,129.0410197,35.07381693,0.001679815220325764,-0.0,0.009207438165733887,0.01088725338605965,460
ÎßàÎùº4476,120.0,129.0848774,35.07325162,0.0035996040435552082,-0.0,0.0072215201299873615,0.01082112417354257,461
ÎßàÎùº5597,69.0,129.2094371,35.26089201,0.0020697723250442447,-0.0,0.008665824155984835,0.01073559648102908,462
ÎßàÎßà5103,140.0,129.1665895,35.3155843,0.00419953805081441,-0.0,0.0064993681169886255,0.010698906167803036,463
ÎßàÎùº2074,19.0,128.8214229,35.05837584,0.0005699373068962413,-0.0,0.010110128181982307,0.010680065488878548,464
ÎßàÎßà5705,89.0,129.2329513,35.33268237,0.002669706332303446,-0.0,0.007943672142986098,0.010613378475289544,465
ÎßàÎùº5995,49.0,129.2530034,35.24223721,0.0014698383177850433,-0.0,0.009026900162484202,0.010496738480269246,466
ÎßàÎùº3375,89.0,128.9641047,35.06575371,0.002669706332303446,-0.0,0.007763134139736414,0.01043284047203986,467
ÎßàÎùº3682,246.0,128.9981501,35.12845161,0.007379188289288177,-0.0,0.0028886080519949448,0.010267796341283122,468
ÎßàÎùº2482,47.0,128.8664795,35.13000798,0.0014098449170591232,-0.0,0.008665824155984835,0.010075669073043959,469
ÎßàÎùº4695,71.0,129.1101779,35.2442222,0.002129765725770165,-0.0,0.007943672142986098,0.010073437868756262,470
ÎßàÎùº3081,93.0,128.9321583,35.12023323,0.0027896931337552866,-0.0,0.007040982126737678,0.009830675260492965,471
ÎßàÎùº4195,228.0,129.0552413,35.2449408,0.006839247682754896,-0.0,0.002708070048745261,0.009547317731500157,472
ÎßàÎùº3188,307.0,128.9442444,35.1832035,0.009208987011428742,-0.0,0.0,0.009208987011428742,473
ÎßàÎùº2778,76.0,128.8987817,35.09357397,0.0022797492275849654,-0.0,0.0068604441234879935,0.009140193351072958,474
ÎßàÎùº4378,265.0,129.0742595,35.09142224,0.00794912559618442,-0.0,0.0010832280194981044,0.009032353615682524,475
ÎßàÎßà6011,47.0,129.2671242,35.38628042,0.0014098449170591232,-0.0,0.00758259613648673,0.008992441053545854,476
ÎßàÎùº2785,68.0,128.8998612,35.15667588,0.0020397756246812847,-0.0,0.0064993681169886255,0.00853914374166991,477
ÎßàÎùº2380,62.0,128.8552079,35.11210176,0.0018597954225035244,-0.0,0.0064993681169886255,0.00835916353949215,478
ÎßàÎßà5401,50.0,129.1992013,35.29709899,0.0014998350181480034,-0.0,0.00667990612023831,0.008179741138386314,479
ÎßàÎùº2590,64.0,128.8786693,35.20200037,0.0019197888232294444,-0.0,0.0061382921104892576,0.008058080933718702,480
ÎßàÎùº5490,65.0,129.1971335,35.19795489,0.0019497855235924046,-0.0,0.005957754107239574,0.007907539630831979,481
ÎßàÎùº5499,40.0,129.1988246,35.27907292,0.0011998680145184025,-0.0,0.0064993681169886255,0.007699236131507028,482
ÎßàÎùº5894,51.0,129.2418246,35.23338298,0.0015298317185109636,-0.0,0.0061382921104892576,0.0076681238290002215,483
ÎßàÎùº2479,69.0,128.866028,35.10296389,0.0020697723250442447,-0.0,0.005596678100740205,0.007666450425784449,484
ÎßàÎßà4501,86.0,129.1002542,35.29844899,0.002579716231214566,-0.0,0.005055064090991154,0.0076347803222057194,485
ÎßàÎßà5000,42.0,129.1550421,35.28869575,0.001259861415244323,-0.0,0.0061382921104892576,0.007398153525733581,486
ÎßàÎùº3692,13.0,128.999805,35.21859249,0.0003899571047184809,-0.0,0.0068604441234879935,0.007250401228206475,487
ÎßàÎùº3290,85.0,128.9555456,35.20110052,0.002549719530851606,-0.0,0.004693988084491786,0.007243707615343391,488
ÎßàÎùº2280,64.0,128.8442372,35.11222393,0.0019197888232294444,-0.0,0.005235602094240837,0.007155390917470281,489
ÎßàÎùº2776,235.0,128.8984739,35.07554473,0.007049224585295616,-0.0,0.0,0.007049224585295616,490
ÎßàÎùº5699,30.0,129.2208071,35.27876214,0.0008999010108888021,-0.0,0.0061382921104892576,0.007038193121378059,491
ÎßàÎùº2782,53.0,128.8993981,35.12963229,0.0015898251192368836,-0.0,0.005416140097490522,0.007005965216727405,492
ÎßàÎùº5689,48.0,129.2189042,35.18863195,0.0014398416174220834,-0.0,0.005416140097490522,0.006855981714912605,493
ÎßàÎßà5911,36.0,129.2561187,35.38644094,0.0010798812130665624,-0.0,0.005596678100740205,0.006676559313806767,494
ÎßàÎùº5489,105.0,129.196946,35.1889417,0.0031496535381108073,-0.0,0.0032496840584943128,0.00639933759660512,495
ÎßàÎßà5505,30.0,129.2109544,35.33299577,0.0008999010108888021,-0.0,0.005416140097490522,0.006316041108379323,496
ÎßàÎùº2683,77.0,128.8885784,35.1387731,0.0023097459279479253,-0.0,0.003971836071493049,0.006281581999440974,497
ÎßàÎßà6010,70.0,129.2669277,35.37726785,0.002099769025407205,-0.0,0.004152374074742733,0.006252143100149939,498
ÎßàÎùº2876,207.0,128.9094394,35.07541777,0.006209316975132734,-0.0,0.0,0.006209316975132734,499
ÎßàÎßà4907,65.0,129.1453271,35.35193836,0.0019497855235924046,-0.0,0.004152374074742733,0.006102159598335138,500
ÎßàÎùº2588,33.0,128.8783647,35.1839713,0.0009898911119776822,-0.0,0.005055064090991154,0.006044955202968836,501
ÎßàÎßà6108,16.0,129.2775365,35.3590813,0.0004799472058073611,-0.0,0.005416140097490522,0.005896087303297883,502
ÎßàÎùº3493,46.0,128.9779999,35.22787681,0.0013798482166961631,-0.0,0.004513450081242101,0.005893298297938264,503
ÎßàÎùº2185,178.0,128.8340016,35.15741906,0.005339412664606892,-0.0,0.0005416140097490522,0.0058810266743559445,504
ÎßàÎßà5206,13.0,129.1781448,35.34247142,0.0003899571047184809,-0.0,0.005416140097490522,0.005806097202209003,505
ÎßàÎùº2884,0.0,128.9106819,35.14753406,0.0,-0.0,0.0057772161039898896,0.0057772161039898896,506
ÎßàÎßà5810,42.0,129.244919,35.37758778,0.001259861415244323,-0.0,0.004513450081242101,0.005773311496486425,507
ÎßàÎßà5306,27.0,129.1891447,35.34231817,0.0008099109097999219,-0.0,0.004874526087741469,0.005684436997541391,508
ÎßàÎùº5998,20.0,129.2535859,35.26927569,0.0005999340072592014,-0.0,0.005055064090991154,0.005654998098250355,509
ÎßàÎùº5097,44.0,129.154492,35.26165597,0.001319854815970243,-0.0,0.004152374074742733,0.0054722288907129765,510
ÎßàÎùº5297,56.0,129.1764703,35.26135338,0.001679815220325764,-0.0,0.003791298068243365,0.005471113288569129,511
ÎßàÎùº4399,87.0,129.0779151,35.28071084,0.002609712931577526,-0.0,0.002708070048745261,0.0053177829803227866,512
ÎßàÎùº5592,17.0,129.2084915,35.21582669,0.0005099439061703212,-0.0,0.004693988084491786,0.005203931990662106,513
ÎßàÎßà5606,15.0,129.2221442,35.34185242,0.00044995050544440103,-0.0,0.004693988084491786,0.0051439385899361865,514
ÎßàÎùº4697,63.0,129.1105345,35.26224919,0.0018897921228664843,-0.0,0.0032496840584943128,0.005139476181360797,515
ÎßàÎùº1970,31.0,128.8098836,35.02243473,0.0009298977112517622,-0.0,0.004152374074742733,0.005082271785994495,516
ÎßàÎßà5909,90.0,129.2557281,35.36841567,0.0026997030326664064,-0.0,0.002346994042245893,0.0050466970749123,517
ÎßàÎßà5005,52.0,129.1559606,35.33376176,0.0015598284188739237,-0.0,0.0034302220617439968,0.004990050480617921,518
ÎßàÎùº4598,58.0,129.0997221,35.27140852,0.001739808621051684,-0.0,0.0032496840584943128,0.004989492679545997,519
ÎßàÎùº4090,69.0,129.0434001,35.2000124,0.0020697723250442447,-0.0,0.0028886080519949448,0.00495838037703919,520
ÎßàÎùº2981,42.0,128.9211869,35.12036239,0.001259861415244323,-0.0,0.0036107600649936808,0.004870621480238004,521
ÎßàÎùº2382,46.0,128.8555065,35.13013122,0.0013798482166961631,-0.0,0.0034302220617439968,0.0048100702784401594,522
ÎßàÎùº3089,39.0,128.9334229,35.19234828,0.0011698713141554426,-0.0,0.0036107600649936808,0.004780631379149123,523
ÎßàÎùº5693,57.0,129.2196644,35.2246842,0.001709811920688724,-0.0,0.0030691460552446288,0.004778957975933353,524
ÎßàÎùº4988,54.0,129.1418677,35.18068521,0.0016198218195998437,-0.0,0.0028886080519949448,0.004508429871594789,525
ÎßàÎùº3391,64.0,128.9666898,35.20998216,0.0019197888232294444,-0.0,0.002527532045495577,0.004447320868725021,526
ÎßàÎßà5501,39.0,129.2101951,35.296944,0.0011698713141554426,-0.0,0.0032496840584943128,0.004419555372649755,527
ÎßàÎùº3276,145.0,128.9533006,35.07490001,0.00434952155262921,-0.0,0.0,0.00434952155262921,528
ÎßàÎùº3775,40.0,129.0079597,35.06521631,0.0011998680145184025,-0.0,0.0030691460552446288,0.004269014069763031,529
ÎßàÎùº3181,14.0,128.9431296,35.12010308,0.00041995380508144095,-0.0,0.0034302220617439968,0.0038501758668254378,530
ÎßàÎùº4696,56.0,129.1103561,35.2532357,0.001679815220325764,-0.0,0.002166456038996209,0.003846271259321973,531
ÎßàÎùº5997,13.0,129.2533916,35.26026288,0.0003899571047184809,-0.0,0.0034302220617439968,0.003820179166462478,532
ÎßàÎùº5396,58.0,129.1872724,35.25218745,0.001739808621051684,-0.0,0.0019859180357465244,0.0037257266567982082,533
ÎßàÎùº2576,31.0,128.8765427,35.07579568,0.0009298977112517622,-0.0,0.002708070048745261,0.003637967759997023,534
ÎßàÎùº2585,37.0,128.8779083,35.15692758,0.0011098779134295226,-0.0,0.002527532045495577,0.0036374099589250994,535
ÎßàÎßà5607,23.0,129.2223355,35.35086526,0.0006899241083480816,-0.0,0.0028886080519949448,0.0035785321603430263,536
ÎßàÎùº3490,10.0,128.9775097,35.20083446,0.00029996700362960063,-0.0,0.0032496840584943128,0.0035496510621239132,537
ÎßàÎùº2281,15.0,128.8443853,35.12123871,0.00044995050544440103,-0.0,0.0030691460552446288,0.0035190965606890297,538
ÎßàÎßà5700,69.0,129.2319902,35.28761815,0.0020697723250442447,-0.0,0.0014443040259974724,0.003514076351041717,539
ÎßàÎùº3488,116.0,128.9771833,35.18280617,0.003479617242103368,-0.0,0.0,0.003479617242103368,540
ÎßàÎßà6109,29.0,129.2777341,35.36809385,0.000869904310525842,-0.0,0.002527532045495577,0.0033974363560214187,541
ÎßàÎùº5385,71.0,129.1852225,35.15304199,0.002129765725770165,-0.0,0.0012637660227477884,0.0033935317485179533,542
ÎßàÎùº5298,34.0,129.176656,35.27036655,0.0010198878123406424,-0.0,0.002346994042245893,0.003366881854586535,543
ÎßàÎùº4894,75.0,129.1319713,35.23491437,0.002249752527222005,-0.0,0.0009026900162484202,0.003152442543470425,544
ÎßàÎùº2378,104.0,128.8549094,35.09407224,0.0031196568377478474,-0.0,0.0,0.0031196568377478474,545
ÎßàÎùº5496,42.0,129.1982602,35.25203371,0.001259861415244323,-0.0,0.0018053800324968404,0.0030652414477411634,546
ÎßàÎùº4299,81.0,129.0669229,35.28085375,0.0024297327293997654,-0.0,0.0005416140097490522,0.0029713467391488174,547
ÎßàÎùº3484,92.0,128.9765313,35.1467494,0.0027596964333923262,-0.0,0.00018053800324968405,0.00294023443664201,548
ÎßàÎßà5704,7.0,129.2327589,35.32366955,0.0002099769025407205,-0.0,0.002708070048745261,0.002918046951285981,549
ÎßàÎùº5399,0.0,129.1878333,35.27922681,0.0,-0.0,0.002708070048745261,0.002708070048745261,550
ÎßàÎùº2176,8.0,128.8326796,35.07628569,0.00023997360290368055,-0.0,0.002346994042245893,0.0025869676451495734,551
ÎßàÎßà4401,35.0,129.0892597,35.29859399,0.0010498845127036025,-0.0,0.0014443040259974724,0.0024941885387010747,552
ÎßàÎßà5403,33.0,129.1995784,35.31512501,0.0009898911119776822,-0.0,0.0014443040259974724,0.002434195137975155,553
ÎßàÎùº2589,14.0,128.8785169,35.19298584,0.00041995380508144095,-0.0,0.0019859180357465244,0.0024058718408279654,554
ÎßàÎùº4795,37.0,129.1211649,35.24407549,0.0011098779134295226,-0.0,0.0012637660227477884,0.002373643936177311,555
ÎßàÎùº2784,12.0,128.8997068,35.14766136,0.00035996040435552084,-0.0,0.0019859180357465244,0.002345878440102045,556
ÎßàÎùº2172,53.0,128.8320937,35.04022605,0.0015898251192368836,-0.0,0.0007221520129987362,0.00231197713223562,557
ÎßàÎßà4904,8.0,129.144779,35.32489874,0.00023997360290368055,-0.0,0.0019859180357465244,0.002225891638650205,558
ÎßàÎùº2072,8.0,128.8211325,35.04034592,0.00023997360290368055,-0.0,0.0019859180357465244,0.002225891638650205,558
ÎßàÎùº2177,73.0,128.8328262,35.08530056,0.002189759126496085,-0.0,0.0,0.002189759126496085,559
ÎßàÎùº2983,0.0,128.9215002,35.13839133,0.0,-0.0,0.002166456038996209,0.002166456038996209,560
ÎßàÎùº2379,24.0,128.8550586,35.10308701,0.0007199208087110417,-0.0,0.0014443040259974724,0.0021642248347085143,561
ÎßàÎßà4704,42.0,129.1227832,35.32519603,0.001259861415244323,-0.0,0.0009026900162484202,0.002162551431492743,562
ÎßàÎùº2068,72.0,128.8205525,35.0042859,0.002159762426133125,-0.0,0.0,0.002159762426133125,563
ÎßàÎùº2678,71.0,128.8878137,35.09370003,0.002129765725770165,-0.0,0.0,0.002129765725770165,564
ÎßàÎùº2183,19.0,128.8337074,35.13938952,0.0005699373068962413,-0.0,0.0014443040259974724,0.002014241332893714,565
ÎßàÎùº2691,19.0,128.8898054,35.21088928,0.0005699373068962413,-0.0,0.0014443040259974724,0.002014241332893714,565
ÎßàÎùº2883,0.0,128.9105263,35.13851958,0.0,-0.0,0.0019859180357465244,0.0019859180357465244,566
ÎßàÎßà6000,17.0,129.2649667,35.28714134,0.0005099439061703212,-0.0,0.0014443040259974724,0.0019542479321677936,567
ÎßàÎùº2783,20.0,128.8995524,35.13864683,0.0005999340072592014,-0.0,0.0012637660227477884,0.0018637000300069898,568
ÎßàÎùº4395,0.0,129.0772162,35.24465635,0.0,-0.0,0.0018053800324968404,0.0018053800324968404,569
ÎßàÎùº2984,0.0,128.921657,35.14740577,0.0,-0.0,0.0018053800324968404,0.0018053800324968404,569
ÎßàÎßà5002,28.0,129.1554093,35.3067222,0.000839907610162882,-0.0,0.0009026900162484202,0.0017425976264113022,570
ÎßàÎùº5296,34.0,129.1762846,35.25234019,0.0010198878123406424,-0.0,0.0007221520129987362,0.0017420398253393786,571
ÎßàÎßà5305,7.0,129.1889571,35.33330517,0.0002099769025407205,-0.0,0.0014443040259974724,0.001654280928538193,572
ÎßàÎßà5400,18.0,129.1990129,35.28808597,0.0005399406065332812,-0.0,0.0010832280194981044,0.0016231686260313855,573
ÎßàÎßà5101,24.0,129.1662197,35.29755798,0.0007199208087110417,-0.0,0.0009026900162484202,0.0016226108249594619,574
ÎßàÎùº3383,52.0,128.965395,35.13786839,0.0015598284188739237,-0.0,0.0,0.0015598284188739237,575
ÎßàÎùº4398,13.0,129.0777403,35.27169724,0.0003899571047184809,-0.0,0.0010832280194981044,0.0014731851242165853,576
ÎßàÎßà4301,11.0,129.0782651,35.298738,0.00032996370399256076,-0.0,0.0010832280194981044,0.0014131917234906652,577
ÎßàÎùº5899,7.0,129.2427892,35.27844737,0.0002099769025407205,-0.0,0.0010832280194981044,0.001293204922038825,578
ÎßàÎùº2682,7.0,128.8884253,35.12975851,0.0002099769025407205,-0.0,0.0010832280194981044,0.001293204922038825,578
ÎßàÎùº1884,0.0,128.8009274,35.14876235,0.0,-0.0,0.0012637660227477884,0.0012637660227477884,579
ÎßàÎùº5391,0.0,129.1863394,35.20712154,0.0,-0.0,0.0012637660227477884,0.0012637660227477884,579
ÎßàÎùº3983,0.0,129.031235,35.13705419,0.0,-0.0,0.0012637660227477884,0.0012637660227477884,579
ÎßàÎßà5904,0.0,129.2547531,35.32335226,0.0,-0.0,0.0012637660227477884,0.0012637660227477884,579
ÎßàÎùº4794,12.0,129.1209855,35.23506203,0.00035996040435552084,-0.0,0.0009026900162484202,0.0012626504206039411,580
ÎßàÎßà5707,10.0,129.2333364,35.35070796,0.00029996700362960063,-0.0,0.0009026900162484202,0.0012026570198780209,581
ÎßàÎùº5096,10.0,129.1543088,35.25264268,0.00029996700362960063,-0.0,0.0009026900162484202,0.0012026570198780209,581
ÎßàÎßà5200,22.0,129.1770277,35.28839285,0.0006599274079851215,-0.0,0.0005416140097490522,0.0012015414177341736,582
ÎßàÎùº2278,40.0,128.8439412,35.09419433,0.0011998680145184025,-0.0,0.0,0.0011998680145184025,583
ÎßàÎùº2277,40.0,128.8437933,35.08517951,0.0011998680145184025,-0.0,0.0,0.0011998680145184025,583
ÎßàÎùº5394,20.0,129.186899,35.23416113,0.0005999340072592014,-0.0,0.0005416140097490522,0.0011415480170082536,584
ÎßàÎßà5604,7.0,129.2217617,35.3238267,0.0002099769025407205,-0.0,0.0009026900162484202,0.0011126669187891407,585
ÎßàÎùº4397,25.0,129.0775655,35.26268363,0.0007499175090740017,-0.0,0.0003610760064993681,0.0011109935155733698,586
ÎßàÎùº5896,0.0,129.2422102,35.25140878,0.0,-0.0,0.0010832280194981044,0.0010832280194981044,587
ÎßàÎùº2881,0.0,128.9102154,35.12049056,0.0,-0.0,0.0010832280194981044,0.0010832280194981044,587
ÎßàÎßà5603,12.0,129.2215706,35.31481382,0.00035996040435552084,-0.0,0.0007221520129987362,0.0010821124173542571,588
ÎßàÎùº2587,11.0,128.8782125,35.17495674,0.00032996370399256076,-0.0,0.0007221520129987362,0.001052115716991297,589
ÎßàÎßà5006,10.0,129.1561446,35.34277492,0.00029996700362960063,-0.0,0.0007221520129987362,0.0010221190166283369,590
ÎßàÎùº2583,34.0,128.8776043,35.13889837,0.0010198878123406424,-0.0,0.0,0.0010198878123406424,591
ÎßàÎùº2178,34.0,128.8329729,35.09431542,0.0010198878123406424,-0.0,0.0,0.0010198878123406424,591
ÎßàÎùº5491,9.0,129.1973211,35.20696806,0.0002699703032666406,-0.0,0.0007221520129987362,0.0009921223162653767,592
ÎßàÎßà5602,9.0,129.2213796,35.30580092,0.0002699703032666406,-0.0,0.0007221520129987362,0.0009921223162653767,592
ÎßàÎùº2992,14.0,128.9229136,35.21952083,0.00041995380508144095,-0.0,0.0005416140097490522,0.0009615678148304932,593
ÎßàÎùº2377,31.0,128.8547603,35.08505746,0.0009298977112517622,-0.0,0.0,0.0009298977112517622,594
ÎßàÎßà5407,0.0,129.2003335,35.35117687,0.0,-0.0,0.0009026900162484202,0.0009026900162484202,595
ÎßàÎßà5406,0.0,129.2001446,35.34216392,0.0,-0.0,0.0009026900162484202,0.0009026900162484202,595
ÎßàÎßà4705,16.0,129.1229634,35.33420936,0.0004799472058073611,-0.0,0.0003610760064993681,0.0008410232123067293,596
ÎßàÎùº3293,9.0,128.9560285,35.22814313,0.0002699703032666406,-0.0,0.0005416140097490522,0.0008115843130156928,597
ÎßàÎùº2579,21.0,128.8769973,35.10283977,0.0006299307076221615,-0.0,0.00018053800324968405,0.0008104687108718455,598
ÎßàÎßà5506,13.0,129.2111444,35.34200867,0.0003899571047184809,-0.0,0.0003610760064993681,0.0007510331112178491,599
ÎßàÎùº3489,25.0,128.9773464,35.19182032,0.0007499175090740017,-0.0,0.0,0.0007499175090740017,600
ÎßàÎßà4502,0.0,129.1004317,35.30746245,0.0,-0.0,0.0007221520129987362,0.0007221520129987362,601
ÎßàÎùº5398,0.0,129.1876462,35.27021371,0.0,-0.0,0.0007221520129987362,0.0007221520129987362,601
ÎßàÎßà5308,0.0,129.1895202,35.36034415,0.0,-0.0,0.0007221520129987362,0.0007221520129987362,601
ÎßàÎùº2180,0.0,128.8332665,35.1123451,0.0,-0.0,0.0007221520129987362,0.0007221520129987362,601
ÎßàÎùº4599,0.0,129.0998994,35.28042202,0.0,-0.0,0.0007221520129987362,0.0007221520129987362,601
ÎßàÎùº5791,6.0,129.2302655,35.20650164,0.00017998020217776042,-0.0,0.0005416140097490522,0.0007215942119268126,602
ÎßàÎßà5805,11.0,129.2439497,35.33252417,0.00032996370399256076,-0.0,0.0003610760064993681,0.0006910397104919288,603
ÎßàÎùº3674,17.0,128.9968315,35.05633788,0.0005099439061703212,-0.0,0.00018053800324968405,0.0006904819094200052,604
ÎßàÎßà5905,16.0,129.2549479,35.33236497,0.0004799472058073611,-0.0,0.00018053800324968405,0.0006604852090570452,605
ÎßàÎùº2385,22.0,128.8559551,35.15717531,0.0006599274079851215,-0.0,0.0,0.0006599274079851215,606
ÎßàÎùº4992,22.0,129.1425936,35.21673894,0.0006599274079851215,-0.0,0.0,0.0006599274079851215,606
ÎßàÎßà5004,9.0,129.1557767,35.32474859,0.0002699703032666406,-0.0,0.0003610760064993681,0.0006310463097660088,607
ÎßàÎùº2478,15.0,128.8658776,35.09394916,0.00044995050544440103,-0.0,0.00018053800324968405,0.0006304885086940851,608
ÎßàÎùº5290,21.0,129.1751725,35.19826076,0.0006299307076221615,-0.0,0.0,0.0006299307076221615,609
ÎßàÎùº5395,8.0,129.1870857,35.24317429,0.00023997360290368055,-0.0,0.0003610760064993681,0.0006010496094030486,610
ÎßàÎßà4805,8.0,129.1339625,35.33406116,0.00023997360290368055,-0.0,0.0003610760064993681,0.0006010496094030486,610
ÎßàÎßà5801,8.0,129.2431757,35.29647303,0.00023997360290368055,-0.0,0.0003610760064993681,0.0006010496094030486,610
ÎßàÎùº3574,14.0,128.985869,35.05647268,0.00041995380508144095,-0.0,0.00018053800324968405,0.000600491808331125,611
ÎßàÎùº2383,7.0,128.855656,35.13914593,0.0002099769025407205,-0.0,0.0003610760064993681,0.0005710529090400886,612
ÎßàÎßà5202,7.0,129.1773997,35.3064191,0.0002099769025407205,-0.0,0.0003610760064993681,0.0005710529090400886,612
ÎßàÎùº2483,13.0,128.8666302,35.13902265,0.0003899571047184809,-0.0,0.00018053800324968405,0.000570495107968165,613
ÎßàÎùº5095,0.0,129.1541257,35.24362938,0.0,-0.0,0.0005416140097490522,0.0005416140097490522,614
ÎßàÎùº5691,0.0,129.2192841,35.20665811,0.0,-0.0,0.0005416140097490522,0.0005416140097490522,614
ÎßàÎùº1874,0.0,128.7994957,35.05861276,0.0,-0.0,0.0005416140097490522,0.0005416140097490522,614
ÎßàÎùº2179,0.0,128.8331197,35.10333027,0.0,-0.0,0.0005416140097490522,0.0005416140097490522,614
ÎßàÎßà5710,0.0,129.2339146,35.37774624,0.0,-0.0,0.0005416140097490522,0.0005416140097490522,614
ÎßàÎùº4797,0.0,129.121524,35.26210238,0.0,-0.0,0.0005416140097490522,0.0005416140097490522,614
ÎßàÎùº5999,6.0,129.2537802,35.27828849,0.00017998020217776042,-0.0,0.0003610760064993681,0.0005410562086771286,615
ÎßàÎùº5190,17.0,129.1641919,35.1984122,0.0005099439061703212,-0.0,0.0,0.0005099439061703212,616
ÎßàÎùº5392,17.0,129.1865259,35.21613475,0.0005099439061703212,-0.0,0.0,0.0005099439061703212,616
ÎßàÎùº3193,17.0,128.9450428,35.2282748,0.0005099439061703212,-0.0,0.0,0.0005099439061703212,616
ÎßàÎùº5191,16.0,129.1643759,35.20742553,0.0004799472058073611,-0.0,0.0,0.0004799472058073611,617
ÎßàÎùº2078,16.0,128.8220045,35.09443553,0.0004799472058073611,-0.0,0.0,0.0004799472058073611,617
ÎßàÎùº3393,9.0,128.9670142,35.22801047,0.0002699703032666406,-0.0,0.00018053800324968405,0.00045050830651632465,618
ÎßàÎùº3676,9.0,128.9971607,35.0743664,0.0002699703032666406,-0.0,0.00018053800324968405,0.00045050830651632465,618
ÎßàÎßà4801,15.0,129.1332373,35.29800798,0.00044995050544440103,-0.0,0.0,0.00044995050544440103,619
ÎßàÎùº3687,14.0,128.9989767,35.17352222,0.00041995380508144095,-0.0,0.0,0.00041995380508144095,620
ÎßàÎùº2791,14.0,128.9007891,35.21076268,0.00041995380508144095,-0.0,0.0,0.00041995380508144095,620
ÎßàÎùº4096,14.0,129.0444248,35.25409531,0.00041995380508144095,-0.0,0.0,0.00041995380508144095,620
ÎßàÎùº4586,14.0,129.0976008,35.16324535,0.00041995380508144095,-0.0,0.0,0.00041995380508144095,620
ÎßàÎßà4804,7.0,129.1337811,35.32504789,0.0002099769025407205,-0.0,0.00018053800324968405,0.00039051490579040455,621
ÎßàÎßà4706,7.0,129.1231436,35.34322266,0.0002099769025407205,-0.0,0.00018053800324968405,0.00039051490579040455,621
ÎßàÎùº2384,13.0,128.8558055,35.14816063,0.0003899571047184809,-0.0,0.0,0.0003899571047184809,622
ÎßàÎùº3180,0.0,128.9429706,35.11108868,0.0,-0.0,0.0003610760064993681,0.0003610760064993681,623
ÎßàÎùº3788,0.0,129.0101215,35.18239988,0.0,-0.0,0.0003610760064993681,0.0003610760064993681,623
ÎßàÎßà5502,0.0,129.2103848,35.30595696,0.0,-0.0,0.0003610760064993681,0.0003610760064993681,623
ÎßàÎùº5397,0.0,129.1874593,35.26120058,0.0,-0.0,0.0003610760064993681,0.0003610760064993681,623
ÎßàÎßà5706,0.0,129.2331438,35.34169517,0.0,-0.0,0.0003610760064993681,0.0003610760064993681,623
ÎßàÎßà5102,0.0,129.1664045,35.30657115,0.0,-0.0,0.0003610760064993681,0.0003610760064993681,623
ÎßàÎßà5610,0.0,129.2229101,35.3779037,0.0,-0.0,0.0003610760064993681,0.0003610760064993681,623
ÎßàÎùº4879,0.0,129.1292717,35.09971142,0.0,-0.0,0.0003610760064993681,0.0003610760064993681,623
ÎßàÎßà6110,0.0,129.2779318,35.37710638,0.0,-0.0,0.0003610760064993681,0.0003610760064993681,623
ÎßàÎßà5807,0.0,129.2443371,35.35054966,0.0,-0.0,0.0003610760064993681,0.0003610760064993681,623
ÎßàÎùº4576,0.0,129.0958416,35.07310781,0.0,-0.0,0.0003610760064993681,0.0003610760064993681,623
ÎßàÎùº2679,12.0,128.8879665,35.10271467,0.00035996040435552084,-0.0,0.0,0.00035996040435552084,624
ÎßàÎßà4900,12.0,129.1440492,35.2888457,0.00035996040435552084,-0.0,0.0,0.00035996040435552084,624
ÎßàÎùº2084,10.0,128.8228789,35.14852464,0.00029996700362960063,-0.0,0.0,0.00029996700362960063,625
ÎßàÎùº2484,10.0,128.8667809,35.1480373,0.00029996700362960063,-0.0,0.0,0.00029996700362960063,625
ÎßàÎùº3384,10.0,128.9655566,35.14688266,0.00029996700362960063,-0.0,0.0,0.00029996700362960063,625
ÎßàÎùº4997,10.0,129.1435028,35.26180577,0.00029996700362960063,-0.0,0.0,0.00029996700362960063,625
ÎßàÎùº3274,10.0,128.952981,35.05687114,0.00029996700362960063,-0.0,0.0,0.00029996700362960063,625
ÎßàÎùº4293,9.0,129.0658822,35.22677165,0.0002699703032666406,-0.0,0.0,0.0002699703032666406,626
ÎßàÎùº2677,9.0,128.887661,35.08468537,0.0002699703032666406,-0.0,0.0,0.0002699703032666406,626
ÎßàÎùº5893,9.0,129.2416319,35.22437006,0.0002699703032666406,-0.0,0.0,0.0002699703032666406,626
ÎßàÎßà5201,9.0,129.1772137,35.29740598,0.0002699703032666406,-0.0,0.0,0.0002699703032666406,626
ÎßàÎùº2381,9.0,128.8553572,35.1211165,0.0002699703032666406,-0.0,0.0,0.0002699703032666406,626
ÎßàÎùº4095,8.0,129.0442538,35.24508153,0.00023997360290368055,-0.0,0.0,0.00023997360290368055,627
ÎßàÎùº5196,8.0,129.1652968,35.25249193,0.00023997360290368055,-0.0,0.0,0.00023997360290368055,627
ÎßàÎùº4295,8.0,129.0662288,35.24479908,0.00023997360290368055,-0.0,0.0,0.00023997360290368055,627
ÎßàÎùº2079,8.0,128.8221501,35.10345042,0.00023997360290368055,-0.0,0.0,0.00023997360290368055,627
ÎßàÎùº4899,7.0,129.1328752,35.27998131,0.0002099769025407205,-0.0,0.0,0.0002099769025407205,628
ÎßàÎùº4194,7.0,129.0550692,35.23592705,0.0002099769025407205,-0.0,0.0,0.0002099769025407205,628
ÎßàÎùº4294,7.0,129.0660555,35.23578537,0.0002099769025407205,-0.0,0.0,0.0002099769025407205,628
ÎßàÎùº1873,0.0,128.7993528,35.04959772,0.0,-0.0,0.00018053800324968405,0.00018053800324968405,629
ÎßàÎùº2985,0.0,128.9218138,35.1564202,0.0,-0.0,0.00018053800324968405,0.00018053800324968405,629
ÎßàÎùº2386,0.0,128.8561047,35.16618998,0.0,-0.0,0.00018053800324968405,0.00018053800324968405,629
ÎßàÎßà6002,0.0,129.2653582,35.30516676,0.0,-0.0,0.00018053800324968405,0.00018053800324968405,629
ÎßàÎùº2485,0.0,128.8669317,35.15705194,0.0,-0.0,0.00018053800324968405,0.00018053800324968405,629
ÎßàÎßà5503,0.0,129.2105746,35.31496991,0.0,-0.0,0.00018053800324968405,0.00018053800324968405,629
ÎßàÎùº4577,0.0,129.0960172,35.08212163,0.0,-0.0,0.00018053800324968405,0.00018053800324968405,629
ÎßàÎùº5494,0.0,129.1978843,35.23400749,0.0,-0.0,0.00018053800324968405,0.00018053800324968405,629
ÎßàÎùº3581,0.0,128.9870141,35.11957255,0.0,-0.0,0.00018053800324968405,0.00018053800324968405,629
ÎßàÎùº4990,0.0,129.1422305,35.1987121,0.0,-0.0,0.00018053800324968405,0.00018053800324968405,629
ÎßàÎßà4905,0.0,129.1449616,35.33391196,0.0,-0.0,0.00018053800324968405,0.00018053800324968405,629
ÎßàÎùº4298,0.0,129.0667493,35.27184011,0.0,-0.0,0.00018053800324968405,0.00018053800324968405,629
ÎßàÎßà5609,0.0,129.2227185,35.3688909,0.0,-0.0,0.00018053800324968405,0.00018053800324968405,629
ÎßàÎßà4701,0.0,129.122243,35.29815598,0.0,-0.0,0.00018053800324968405,0.00018053800324968405,629
ÎßàÎßà5510,0.0,129.2119055,35.37806015,0.0,-0.0,0.00018053800324968405,0.00018053800324968405,629
ÎßàÎùº3178,0.0,128.9426529,35.09305984,0.0,-0.0,0.00018053800324968405,0.00018053800324968405,629
ÎßàÎùº3078,0.0,128.9316852,35.09318986,0.0,-0.0,0.00018053800324968405,0.00018053800324968405,629
ÎßàÎßà4906,0.0,129.1451443,35.34292517,0.0,-0.0,0.00018053800324968405,0.00018053800324968405,629
ÎßàÎùº5090,0.0,129.1532113,35.19856265,0.0,-0.0,0.00018053800324968405,0.00018053800324968405,629
ÎßàÎùº5192,0.0,129.1645599,35.21643884,0.0,-0.0,0.00018053800324968405,0.00018053800324968405,629
ÎßàÎùº5996,0.0,129.2531975,35.25125006,0.0,-0.0,0.00018053800324968405,0.00018053800324968405,629
ÎßàÎßà5811,0.0,129.2451132,35.38660045,0.0,-0.0,0.00018053800324968405,0.00018053800324968405,629
ÎßàÎùº4477,0.0,129.0850518,35.08226548,0.0,-0.0,0.00018053800324968405,0.00018053800324968405,629
ÎßàÎùº2283,0.0,128.8446817,35.13926822,0.0,-0.0,0.00018053800324968405,0.00018053800324968405,629
ÎßàÎßà6207,0.0,129.2883394,35.34990644,0.0,-0.0,0.00018053800324968405,0.00018053800324968405,629
ÎßàÎßà5007,6.0,129.1563286,35.35178807,0.00017998020217776042,-0.0,0.0,0.00017998020217776042,630
ÎßàÎùº3994,6.0,129.0330965,35.23620742,0.00017998020217776042,-0.0,0.0,0.00017998020217776042,630
ÎßàÎùº4474,6.0,129.0845289,35.05522384,0.00017998020217776042,-0.0,0.0,0.00017998020217776042,630
ÎßàÎùº4193,6.0,129.0548972,35.22691328,0.00017998020217776042,-0.0,0.0,0.00017998020217776042,630
ÎßàÎßà5003,0.0,129.155593,35.3157354,0.0,-0.0,0.0,0.0,631
ÎßàÎßà5302,0.0,129.1883948,35.30626605,0.0,-0.0,0.0,0.0,631
ÎßàÎßà6306,0.0,129.2991398,35.34073066,0.0,-0.0,0.0,0.0,631
ÎßàÎßà6305,0.0,129.29894,35.33171818,0.0,-0.0,0.0,0.0,631
ÎßàÎßà6209,0.0,129.288737,35.36793144,0.0,-0.0,0.0,0.0,631
ÎßàÎßà4903,0.0,129.1445964,35.3158855,0.0,-0.0,0.0,0.0,631
ÎßàÎùº5794,0.0,129.2308396,35.2335406,0.0,-0.0,0.0,0.0,631
ÎßàÎßà4902,0.0,129.1444139,35.30687225,0.0,-0.0,0.0,0.0,631
ÎßàÎßà6304,0.0,129.2987403,35.32270568,0.0,-0.0,0.0,0.0,631
ÎßàÎßà4802,0.0,129.1334185,35.3070213,0.0,-0.0,0.0,0.0,631
ÎßàÎßà5001,0.0,129.1552257,35.29770898,0.0,-0.0,0.0,0.0,631
ÎßàÎßà5410,0.0,129.2009008,35.37821561,0.0,-0.0,0.0,0.0,631
ÎßàÎßà5300,0.0,129.1880204,35.28823991,0.0,-0.0,0.0,0.0,631
ÎßàÎßà5207,0.0,129.1783312,35.35148447,0.0,-0.0,0.0,0.0,631
ÎßàÎßà5107,0.0,129.1673299,35.35163677,0.0,-0.0,0.0,0.0,631
ÎßàÎßà5108,0.0,129.1675153,35.36064985,0.0,-0.0,0.0,0.0,631
ÎßàÎßà4806,0.0,129.134144,35.34307442,0.0,-0.0,0.0,0.0,631
ÎßàÎßà5608,0.0,129.2225269,35.35987809,0.0,-0.0,0.0,0.0,631
ÎßàÎßà4604,0.0,129.1117851,35.32534318,0.0,-0.0,0.0,0.0,631
ÎßàÎßà4609,0.0,129.1126808,35.3704099,0.0,-0.0,0.0,0.0,631
ÎßàÎßà4809,0.0,129.134689,35.37011411,0.0,-0.0,0.0,0.0,631
ÎßàÎßà5408,0.0,129.2005225,35.3601898,0.0,-0.0,0.0,0.0,631
ÎßàÎßà5511,0.0,129.2120959,35.38707299,0.0,-0.0,0.0,0.0,631
ÎßàÎßà5509,0.0,129.2117151,35.36904731,0.0,-0.0,0.0,0.0,631
ÎßàÎßà5508,0.0,129.2115248,35.36003444,0.0,-0.0,0.0,0.0,631
ÎßàÎßà5507,0.0,129.2113346,35.35102157,0.0,-0.0,0.0,0.0,631
ÎßàÎßà4700,0.0,129.1220632,35.2891426,0.0,-0.0,0.0,0.0,631
ÎßàÎßà4803,0.0,129.1335998,35.3160346,0.0,-0.0,0.0,0.0,631
ÎßàÎßà5409,0.0,129.2007116,35.36920271,0.0,-0.0,0.0,0.0,631
ÎßàÎßà5601,0.0,129.2211887,35.29678801,0.0,-0.0,0.0,0.0,631
ÎßàÎßà5708,0.0,129.233529,35.35972073,0.0,-0.0,0.0,0.0,631
ÎßàÎßà5709,0.0,129.2337218,35.36873349,0.0,-0.0,0.0,0.0,631
ÎßàÎßà4402,0.0,129.089436,35.3076075,0.0,-0.0,0.0,0.0,631
ÎßàÎßà4709,0.0,129.123685,35.3702625,0.0,-0.0,0.0,0.0,631
ÎßàÎßà4901,0.0,129.1442315,35.29785898,0.0,-0.0,0.0,0.0,631
ÎßàÎßà5310,0.0,129.189896,35.37837006,0.0,-0.0,0.0,0.0,631
ÎßàÎßà5311,0.0,129.190084,35.387383,0.0,-0.0,0.0,0.0,631
ÎßàÎßà5208,0.0,129.1785178,35.3604975,0.0,-0.0,0.0,0.0,631
ÎßàÎßà5402,0.0,129.1993898,35.30611201,0.0,-0.0,0.0,0.0,631
ÎßàÎßà5008,0.0,129.1565127,35.3608012,0.0,-0.0,0.0,0.0,631
ÎßàÎßà5411,0.0,129.20109,35.3872285,0.0,-0.0,0.0,0.0,631
ÎßàÎßà4100,0.0,129.0561031,35.29000935,0.0,-0.0,0.0,0.0,631
ÎßàÎßà4101,0.0,129.0562756,35.29902302,0.0,-0.0,0.0,0.0,631
ÎßàÎßà4708,0.0,129.1235044,35.36124924,0.0,-0.0,0.0,0.0,631
ÎßàÎßà4200,0.0,129.0670966,35.28986739,0.0,-0.0,0.0,0.0,631
ÎßàÎßà4201,0.0,129.0672704,35.29888101,0.0,-0.0,0.0,0.0,631
ÎßàÎßà4300,0.0,129.0780901,35.28972443,0.0,-0.0,0.0,0.0,631
ÎßàÎßà5800,0.0,129.2429824,35.28746021,0.0,-0.0,0.0,0.0,631
ÎßàÎßà5711,0.0,129.2341075,35.38675897,0.0,-0.0,0.0,0.0,631
ÎßàÎßà5405,0.0,129.1999558,35.33315097,0.0,-0.0,0.0,0.0,631
ÎßàÎßà4800,0.0,129.1330562,35.28899465,0.0,-0.0,0.0,0.0,631
ÎßàÎßà5301,0.0,129.1882076,35.29725299,0.0,-0.0,0.0,0.0,631
ÎßàÎùº1569,0.0,128.7659088,35.01388481,0.0,-0.0,0.0,0.0,631
ÎßàÎùº5687,0.0,129.2185246,35.17060574,0.0,-0.0,0.0,0.0,631
ÎßàÎùº3074,0.0,128.9310554,35.05713183,0.0,-0.0,0.0,0.0,631
ÎßàÎùº3073,0.0,128.9308981,35.04811729,0.0,-0.0,0.0,0.0,631
ÎßàÎùº2982,0.0,128.9213435,35.12937687,0.0,-0.0,0.0,0.0,631
ÎßàÎùº2977,0.0,128.9205611,35.08430436,0.0,-0.0,0.0,0.0,631
ÎßàÎùº2976,0.0,128.9204048,35.07528982,0.0,-0.0,0.0,0.0,631
ÎßàÎùº2974,0.0,128.9200924,35.05726069,0.0,-0.0,0.0,0.0,631
ÎßàÎùº2973,0.0,128.9199364,35.0482461,0.0,-0.0,0.0,0.0,631
ÎßàÎùº2885,0.0,128.9108375,35.15654854,0.0,-0.0,0.0,0.0,631
ÎßàÎùº2882,0.0,128.9103709,35.12950507,0.0,-0.0,0.0,0.0,631
ÎßàÎùº2875,0.0,128.9092844,35.06640317,0.0,-0.0,0.0,0.0,631
ÎßàÎùº2874,0.0,128.9091294,35.05738856,0.0,-0.0,0.0,0.0,631
ÎßàÎùº2792,0.0,128.900944,35.2197771,0.0,-0.0,0.0,0.0,631
ÎßàÎùº2780,0.0,128.8990898,35.11160316,0.0,-0.0,0.0,0.0,631
ÎßàÎùº2779,0.0,128.8989357,35.10258857,0.0,-0.0,0.0,0.0,631
ÎßàÎùº2775,0.0,128.8983201,35.06653009,0.0,-0.0,0.0,0.0,631
ÎßàÎùº2774,0.0,128.8981664,35.05751543,0.0,-0.0,0.0,0.0,631
ÎßàÎùº2676,0.0,128.8875083,35.0756707,0.0,-0.0,0.0,0.0,631
ÎßàÎùº2675,0.0,128.8873557,35.06665602,0.0,-0.0,0.0,0.0,631
ÎßàÎùº2674,0.0,128.8872032,35.05764132,0.0,-0.0,0.0,0.0,631
ÎßàÎùº2591,0.0,128.8788217,35.21101489,0.0,-0.0,0.0,0.0,631
ÎßàÎùº2581,0.0,128.8773007,35.1208691,0.0,-0.0,0.0,0.0,631
ÎßàÎùº3077,0.0,128.9315276,35.08417537,0.0,-0.0,0.0,0.0,631
ÎßàÎùº3088,0.0,128.9332646,35.18333395,0.0,-0.0,0.0,0.0,631
ÎßàÎùº3093,0.0,128.9340569,35.22840547,0.0,-0.0,0.0,0.0,631
ÎßàÎùº3173,0.0,128.9418598,35.04798748,0.0,-0.0,0.0,0.0,631
ÎßàÎùº3472,0.0,128.9745823,35.03857774,0.0,-0.0,0.0,0.0,631
ÎßàÎùº3471,0.0,128.9744204,35.02956335,0.0,-0.0,0.0,0.0,631
ÎßàÎùº3460,0.0,128.9726437,34.93040406,0.0,-0.0,0.0,0.0,631
ÎßàÎùº3388,0.0,128.9662037,35.1829396,0.0,-0.0,0.0,0.0,631
ÎßàÎùº3387,0.0,128.9660418,35.17392539,0.0,-0.0,0.0,0.0,631
ÎßàÎùº3386,0.0,128.96588,35.16491116,0.0,-0.0,0.0,0.0,631
ÎßàÎùº3385,0.0,128.9657183,35.15589692,0.0,-0.0,0.0,0.0,631
ÎßàÎùº3372,0.0,128.9636221,35.03871048,0.0,-0.0,0.0,0.0,631
ÎßàÎùº3371,0.0,128.9634613,35.02969604,0.0,-0.0,0.0,0.0,631
ÎßàÎùº3283,0.0,128.9544214,35.13800061,0.0,-0.0,0.0,0.0,631
ÎßàÎùº2578,0.0,128.8768457,35.09382509,0.0,-0.0,0.0,0.0,631
ÎßàÎùº3282,0.0,128.9542611,35.12898628,0.0,-0.0,0.0,0.0,631
ÎßàÎùº3277,0.0,128.9534605,35.08391443,0.0,-0.0,0.0,0.0,631
ÎßàÎùº3275,0.0,128.9531408,35.06588558,0.0,-0.0,0.0,0.0,631
ÎßàÎùº3273,0.0,128.9528214,35.04785669,0.0,-0.0,0.0,0.0,631
ÎßàÎùº3255,0.0,128.9499591,34.88559408,0.0,-0.0,0.0,0.0,631
ÎßàÎùº3189,0.0,128.9444039,35.19221779,0.0,-0.0,0.0,0.0,631
ÎßàÎùº3187,0.0,128.9440849,35.17418919,0.0,-0.0,0.0,0.0,631
ÎßàÎùº3179,0.0,128.9428117,35.10207427,0.0,-0.0,0.0,0.0,631
ÎßàÎùº3177,0.0,128.9424941,35.0840454,0.0,-0.0,0.0,0.0,631
ÎßàÎùº3176,0.0,128.9423354,35.07503094,0.0,-0.0,0.0,0.0,631
ÎßàÎùº3174,0.0,128.9420182,35.05700198,0.0,-0.0,0.0,0.0,631
ÎßàÎùº3281,0.0,128.9541008,35.11997194,0.0,-0.0,0.0,0.0,631
ÎßàÎùº3565,0.0,128.984402,34.97534327,0.0,-0.0,0.0,0.0,631
ÎßàÎùº2575,0.0,128.8763913,35.06678096,0.0,-0.0,0.0,0.0,631
ÎßàÎùº2487,0.0,128.8672335,35.17508118,0.0,-0.0,0.0,0.0,631
ÎßàÎùº2076,0.0,128.8217136,35.07640571,0.0,-0.0,0.0,0.0,631
ÎßàÎùº2075,0.0,128.8215682,35.06739079,0.0,-0.0,0.0,0.0,631
ÎßàÎùº2073,0.0,128.8212777,35.04936089,0.0,-0.0,0.0,0.0,631
ÎßàÎùº2069,0.0,128.8206974,35.01330092,0.0,-0.0,0.0,0.0,631
ÎßàÎùº2067,0.0,128.8204076,34.99527086,0.0,-0.0,0.0,0.0,631
ÎßàÎùº1985,0.0,128.8120479,35.15765883,0.0,-0.0,0.0,0.0,631
ÎßàÎùº1984,0.0,128.8119032,35.14864399,0.0,-0.0,0.0,0.0,631
ÎßàÎùº1983,0.0,128.8117585,35.13962913,0.0,-0.0,0.0,0.0,631
ÎßàÎùº1982,0.0,128.8116139,35.13061426,0.0,-0.0,0.0,0.0,631
ÎßàÎùº1977,0.0,128.8108918,35.0855397,0.0,-0.0,0.0,0.0,631
ÎßàÎùº1976,0.0,128.8107476,35.07652475,0.0,-0.0,0.0,0.0,631
ÎßàÎùº1975,0.0,128.8106034,35.06750978,0.0,-0.0,0.0,0.0,631
ÎßàÎùº1973,0.0,128.8103153,35.0494798,0.0,-0.0,0.0,0.0,631
ÎßàÎùº1885,0.0,128.801071,35.15777723,0.0,-0.0,0.0,0.0,631
ÎßàÎùº1883,0.0,128.800784,35.13974745,0.0,-0.0,0.0,0.0,631
ÎßàÎùº1875,0.0,128.7996386,35.06762778,0.0,-0.0,0.0,0.0,631
ÎßàÎùº1785,0.0,128.790094,35.15789463,0.0,-0.0,0.0,0.0,631
ÎßàÎùº1784,0.0,128.7899516,35.14887971,0.0,-0.0,0.0,0.0,631
ÎßàÎùº1775,0.0,128.7886736,35.06774479,0.0,-0.0,0.0,0.0,631
ÎßàÎùº1774,0.0,128.7885319,35.05872973,0.0,-0.0,0.0,0.0,631
ÎßàÎùº1669,0.0,128.7768667,35.01377001,0.0,-0.0,0.0,0.0,631
ÎßàÎùº2077,0.0,128.821859,35.08542063,0.0,-0.0,0.0,0.0,631
ÎßàÎùº2082,0.0,128.8225872,35.13049499,0.0,-0.0,0.0,0.0,631
ÎßàÎùº2083,0.0,128.822733,35.13950982,0.0,-0.0,0.0,0.0,631
ÎßàÎùº2085,0.0,128.8230248,35.15753944,0.0,-0.0,0.0,0.0,631
ÎßàÎùº2486,0.0,128.8670826,35.16606657,0.0,-0.0,0.0,0.0,631
ÎßàÎùº2481,0.0,128.866329,35.12099329,0.0,-0.0,0.0,0.0,631
ÎßàÎùº2477,0.0,128.8657273,35.08493442,0.0,-0.0,0.0,0.0,631
ÎßàÎùº2475,0.0,128.8654268,35.0669049,0.0,-0.0,0.0,0.0,631
ÎßàÎùº2374,0.0,128.8543134,35.05801304,0.0,-0.0,0.0,0.0,631
ÎßàÎùº2373,0.0,128.8541645,35.0489982,0.0,-0.0,0.0,0.0,631
ÎßàÎùº2372,0.0,128.8540157,35.03998335,0.0,-0.0,0.0,0.0,631
ÎßàÎùº2286,0.0,128.8451268,35.16631239,0.0,-0.0,0.0,0.0,631
ÎßàÎùº2285,0.0,128.8449784,35.15729768,0.0,-0.0,0.0,0.0,631
ÎßàÎùº2282,0.0,128.8445335,35.13025347,0.0,-0.0,0.0,0.0,631
ÎßàÎùº2489,0.0,128.8675355,35.19311037,0.0,-0.0,0.0,0.0,631
ÎßàÎùº2272,0.0,128.8430547,35.0401052,0.0,-0.0,0.0,0.0,631
ÎßàÎùº2270,0.0,128.8427598,35.02207538,0.0,-0.0,0.0,0.0,631
ÎßàÎùº2269,0.0,128.8426124,35.01306044,0.0,-0.0,0.0,0.0,631
ÎßàÎùº2268,0.0,128.8424651,35.0040455,0.0,-0.0,0.0,0.0,631
ÎßàÎùº2267,0.0,128.8423178,34.99503054,0.0,-0.0,0.0,0.0,631
ÎßàÎùº2182,0.0,128.8335604,35.13037473,0.0,-0.0,0.0,0.0,631
ÎßàÎùº2171,0.0,128.8319474,35.03121111,0.0,-0.0,0.0,0.0,631
ÎßàÎùº2170,0.0,128.8318011,35.02219615,0.0,-0.0,0.0,0.0,631
ÎßàÎùº2168,0.0,128.8315088,35.00416619,0.0,-0.0,0.0,0.0,631
ÎßàÎùº2167,0.0,128.8313628,34.99515119,0.0,-0.0,0.0,0.0,631
ÎßàÎùº2166,0.0,128.8312168,34.98613618,0.0,-0.0,0.0,0.0,631
ÎßàÎùº2271,0.0,128.8429072,35.03109029,0.0,-0.0,0.0,0.0,631
ÎßàÎùº3566,0.0,128.9845647,34.9843577,0.0,-0.0,0.0,0.0,631
ÎßàÎùº3572,0.0,128.9855425,35.03844402,0.0,-0.0,0.0,0.0,631
ÎßàÎùº3573,0.0,128.9857057,35.04745836,0.0,-0.0,0.0,0.0,631
ÎßàÎùº4881,0.0,129.1296306,35.11773867,0.0,-0.0,0.0,0.0,631
ÎßàÎùº4880,0.0,129.1294511,35.10872505,0.0,-0.0,0.0,0.0,631
ÎßàÎùº4878,0.0,129.1290923,35.09069778,0.0,-0.0,0.0,0.0,631
ÎßàÎùº4799,0.0,129.1218834,35.28012921,0.0,-0.0,0.0,0.0,631
ÎßàÎùº4798,0.0,129.1217036,35.2711158,0.0,-0.0,0.0,0.0,631
ÎßàÎùº4796,0.0,129.1213444,35.25308894,0.0,-0.0,0.0,0.0,631
ÎßàÎùº4694,0.0,129.1099997,35.23520869,0.0,-0.0,0.0,0.0,631
ÎßàÎùº4679,0.0,129.1073364,35.10000428,0.0,-0.0,0.0,0.0,631
ÎßàÎùº4678,0.0,129.1071594,35.09099054,0.0,-0.0,0.0,0.0,631
ÎßàÎùº4677,0.0,129.1069826,35.08197678,0.0,-0.0,0.0,0.0,631
ÎßàÎùº4579,0.0,129.0963686,35.10014922,0.0,-0.0,0.0,0.0,631
ÎßàÎùº4578,0.0,129.0961929,35.09113543,0.0,-0.0,0.0,0.0,631
ÎßàÎùº4575,0.0,129.0956662,35.06409398,0.0,-0.0,0.0,0.0,631
ÎßàÎùº4574,0.0,129.0954908,35.05508013,0.0,-0.0,0.0,0.0,631
ÎßàÎùº4572,0.0,129.0951402,35.0370524,0.0,-0.0,0.0,0.0,631
ÎßàÎùº4479,0.0,129.0854007,35.10029317,0.0,-0.0,0.0,0.0,631
ÎßàÎùº4473,0.0,129.0843548,35.04620993,0.0,-0.0,0.0,0.0,631
ÎßàÎùº4396,0.0,129.0773908,35.25367,0.0,-0.0,0.0,0.0,631
ÎßàÎùº4379,0.0,129.0744328,35.10043613,0.0,-0.0,0.0,0.0,631
ÎßàÎùº4374,0.0,129.073567,35.05536656,0.0,-0.0,0.0,0.0,631
ÎßàÎùº4297,0.0,129.0665757,35.26282644,0.0,-0.0,0.0,0.0,631
ÎßàÎùº4882,0.0,129.1298102,35.12675227,0.0,-0.0,0.0,0.0,631
ÎßàÎùº4296,0.0,129.0664022,35.25381277,0.0,-0.0,0.0,0.0,631
ÎßàÎùº4895,0.0,129.1321519,35.24392778,0.0,-0.0,0.0,0.0,631
ÎßàÎùº4897,0.0,129.1325134,35.26195457,0.0,-0.0,0.0,0.0,631
ÎßàÎùº5599,0.0,129.2098159,35.27891803,0.0,-0.0,0.0,0.0,631
ÎßàÎùº5598,0.0,129.2096265,35.26990503,0.0,-0.0,0.0,0.0,631
ÎßàÎùº5498,0.0,129.1986364,35.27005986,0.0,-0.0,0.0,0.0,631
ÎßàÎùº5495,0.0,129.1980722,35.24302061,0.0,-0.0,0.0,0.0,631
ÎßàÎùº5493,0.0,129.1976965,35.22499436,0.0,-0.0,0.0,0.0,631
ÎßàÎùº5393,0.0,129.1867124,35.22514795,0.0,-0.0,0.0,0.0,631
ÎßàÎùº5390,0.0,129.1861531,35.19810832,0.0,-0.0,0.0,0.0,631
ÎßàÎùº5389,0.0,129.1859668,35.18909508,0.0,-0.0,0.0,0.0,631
ÎßàÎùº5293,0.0,129.1757282,35.22530054,0.0,-0.0,0.0,0.0,631
ÎßàÎùº5292,0.0,129.1755429,35.21628729,0.0,-0.0,0.0,0.0,631
ÎßàÎùº5291,0.0,129.1753577,35.20727403,0.0,-0.0,0.0,0.0,631
ÎßàÎùº5289,0.0,129.1749875,35.18924747,0.0,-0.0,0.0,0.0,631
ÎßàÎùº5189,0.0,129.1640081,35.18939887,0.0,-0.0,0.0,0.0,631
ÎßàÎùº5091,0.0,129.153394,35.20757603,0.0,-0.0,0.0,0.0,631
ÎßàÎùº5089,0.0,129.1530286,35.18954926,0.0,-0.0,0.0,0.0,631
ÎßàÎùº5088,0.0,129.1528461,35.18053586,0.0,-0.0,0.0,0.0,631
ÎßàÎùº4996,0.0,129.1433208,35.25279243,0.0,-0.0,0.0,0.0,631
ÎßàÎùº4995,0.0,129.1431388,35.24377908,0.0,-0.0,0.0,0.0,631
ÎßàÎùº4991,0.0,129.142412,35.20772553,0.0,-0.0,0.0,0.0,631
ÎßàÎùº4989,0.0,129.1420491,35.18969867,0.0,-0.0,0.0,0.0,631
ÎßàÎùº4898,0.0,129.1326943,35.27096795,0.0,-0.0,0.0,0.0,631
ÎßàÎùº4896,0.0,129.1323326,35.25294119,0.0,-0.0,0.0,0.0,631
ÎßàÎùº5789,0.0,129.2298832,35.18847559,0.0,-0.0,0.0,0.0,631
ÎßàÎùº4281,0.0,129.0638092,35.11860592,0.0,-0.0,0.0,0.0,631
ÎßàÎßà6404,0.0,129.3097369,35.32254154,0.0,-0.0,0.0,0.0,631
ÎßàÎùº3882,0.0,129.0200942,35.12817831,0.0,-0.0,0.0,0.0,631
ÎßàÎùº3874,0.0,129.0187563,35.05606531,0.0,-0.0,0.0,0.0,631
ÎßàÎùº3873,0.0,129.0185894,35.04705113,0.0,-0.0,0.0,0.0,631
ÎßàÎùº3798,0.0,129.011793,35.27253946,0.0,-0.0,0.0,0.0,631
ÎßàÎùº3787,0.0,129.0099548,35.17338584,0.0,-0.0,0.0,0.0,631
ÎßàÎùº3786,0.0,129.0097881,35.16437179,0.0,-0.0,0.0,0.0,631
ÎßàÎùº3783,0.0,129.0092886,35.13732956,0.0,-0.0,0.0,0.0,631
ÎßàÎùº3774,0.0,129.0077939,35.05620209,0.0,-0.0,0.0,0.0,631
ÎßàÎùº3773,0.0,129.0076282,35.04718786,0.0,-0.0,0.0,0.0,631
ÎßàÎùº3696,0.0,129.000469,35.25464844,0.0,-0.0,0.0,0.0,631
ÎßàÎùº3883,0.0,129.0202618,35.13719237,0.0,-0.0,0.0,0.0,631
ÎßàÎùº3695,0.0,129.0003029,35.24563448,0.0,-0.0,0.0,0.0,631
ÎßàÎùº3693,0.0,128.9999709,35.2276065,0.0,-0.0,0.0,0.0,631
ÎßàÎùº3686,0.0,128.9988112,35.16450813,0.0,-0.0,0.0,0.0,631
ÎßàÎùº3681,0.0,128.9979851,35.11943744,0.0,-0.0,0.0,0.0,631
ÎßàÎùº3675,0.0,128.9969961,35.06535215,0.0,-0.0,0.0,0.0,631
ÎßàÎùº3673,0.0,128.996667,35.04732361,0.0,-0.0,0.0,0.0,631
ÎßàÎùº3672,0.0,128.9965026,35.03830931,0.0,-0.0,0.0,0.0,631
ÎßàÎùº3666,0.0,128.9955176,34.98422326,0.0,-0.0,0.0,0.0,631
ÎßàÎùº3665,0.0,128.9953536,34.97520887,0.0,-0.0,0.0,0.0,631
ÎßàÎùº3594,0.0,128.9891502,35.23675619,0.0,-0.0,0.0,0.0,631
ÎßàÎùº3582,0.0,128.987178,35.12858676,0.0,-0.0,0.0,0.0,631
ÎßàÎùº3694,0.0,129.0001369,35.23662049,0.0,-0.0,0.0,0.0,631
ÎßàÎùº4280,0.0,129.0636369,35.10959201,0.0,-0.0,0.0,0.0,631
ÎßàÎùº3888,0.0,129.0211008,35.18226246,0.0,-0.0,0.0,0.0,631
ÎßàÎùº3890,0.0,129.0214369,35.2002904,0.0,-0.0,0.0,0.0,631
ÎßàÎùº4199,0.0,129.0559306,35.28099567,0.0,-0.0,0.0,0.0,631
ÎßàÎùº4198,0.0,129.0557582,35.27198197,0.0,-0.0,0.0,0.0,631
ÎßàÎùº4197,0.0,129.0555858,35.26296826,0.0,-0.0,0.0,0.0,631
ÎßàÎùº4192,0.0,129.0547252,35.2178995,0.0,-0.0,0.0,0.0,631
ÎßàÎùº4181,0.0,129.0528387,35.11874698,0.0,-0.0,0.0,0.0,631
ÎßàÎùº4180,0.0,129.0526676,35.10973303,0.0,-0.0,0.0,0.0,631
ÎßàÎùº4099,0.0,129.0449382,35.28113658,0.0,-0.0,0.0,0.0,631
ÎßàÎùº4098,0.0,129.044767,35.27212284,0.0,-0.0,0.0,0.0,631
ÎßàÎùº4097,0.0,129.0445958,35.26310909,0.0,-0.0,0.0,0.0,631
ÎßàÎùº4094,0.0,129.0440829,35.23606773,0.0,-0.0,0.0,0.0,631
ÎßàÎùº4093,0.0,129.0439121,35.22705392,0.0,-0.0,0.0,0.0,631
ÎßàÎùº3999,0.0,129.0339457,35.2812765,0.0,-0.0,0.0,0.0,631
ÎßàÎùº3998,0.0,129.0337757,35.27226271,0.0,-0.0,0.0,0.0,631
ÎßàÎùº3997,0.0,129.0336058,35.26324891,0.0,-0.0,0.0,0.0,631
ÎßàÎùº3996,0.0,129.033436,35.25423509,0.0,-0.0,0.0,0.0,631
ÎßàÎùº3995,0.0,129.0332662,35.24522126,0.0,-0.0,0.0,0.0,631
ÎßàÎùº3993,0.0,129.0329269,35.22719356,0.0,-0.0,0.0,0.0,631
ÎßàÎùº3989,0.0,129.0322492,35.19113798,0.0,-0.0,0.0,0.0,631
ÎßàÎùº3988,0.0,129.03208,35.18212405,0.0,-0.0,0.0,0.0,631
ÎßàÎùº3976,0.0,129.030055,35.07395579,0.0,-0.0,0.0,0.0,631
ÎßàÎùº3896,0.0,129.0224471,35.25437387,0.0,-0.0,0.0,0.0,631
ÎßàÎùº3889,0.0,129.0212688,35.19127644,0.0,-0.0,0.0,0.0,631
ÎßàÎßà6405,0.0,129.3099378,35.33155398,0.0,-0.0,0.0,0.0,631
ÎßàÎùº4790,26348.0,129.1202687,35.19900802,0.7903530611632719,-1.0,0.0779924174038635,-0.13165452143286463,632
ÎßàÎùº5288,24779.0,129.1748025,35.18023417,0.7432882382937875,-1.0,0.0034302220617439968,-0.2532815396444685,633
